CLIENTE;DESCRIPCION;CANTIDAD;UNIDAD; COSTO ;TIPO;CATEGORIA;FECHA;PROVEEDOR
BANNER;PAGO DE ANTICIPO INICIACION DE CONSTR;1.00;P; Q138,151.60 ;INGRESO ;APORTE;18/12/2025;EL CLIENTE
PABLO;REMESA PARA COMPLETAR EL 89%;1.00;REMESA; Q15,316.00 ;INGRESO ;APORTE;18/12/2025;EL CLIENTE
GERARDO;PAGO SEMANA GRADAS GERARDO-PABLO;1.00;SEMANA; Q2,500.00 ;GASTO;MANO DE OBRA;13/12/2025;LA EMPRESA
PABLO;FUNDICION JACO;1.00;PAGO; Q2,000.00 ;GASTO;MANO DE OBRA;15/12/2025;LA EMPRESA
PABLO;FUNDICION JACO;1.00;PAGO; Q4,500.00 ;GASTO;MANO DE OBRA;06/12/2025;LA EMPRESA
PABLO;PAGO MANO DE OBRA FUNDICION;1.00;PAGO; Q8,000.00 ;GASTO;MANO DE OBRA;05/10/2025;LA EMPRESA
PABLO;CAMIONES DE SELECTO BRONCO;5.00;VIAJES; Q3,000.00 ;GASTO;MATERIAL;03/12/2025;BRONCO
ARCENIO;PAGO MANO DE OBRA PABLO;1.00;SEMANA; Q3,900.00 ;GASTO;MANO DE OBRA;12/12/2025;LA EMPRESA
PABLO;PAGO PLANILLA JIMMY;1.00;PAGO; Q3,000.00 ;GASTO ADM;SUB-CONTRATO;14/12/2025;LA EMPRESA
PABLO;PAGO MANO DE OBRA FUNDICION;1.00;PAGO; Q8,000.00 ;GASTO;MANO DE OBRA;08/12/2025;LA EMPRESA
PABLO;ADELANTO SERGIO ;1.00;PAGO; Q500.00 ;GASTO;MANO DE OBRA;03/12/2025;LA EMPRRESA
PABLO;PAGO HORA MAQUINA TAMALON;2.00;HORA; Q600.00 ;GASTO;SUB-CONTRATO;15/10/2025;TAMALON
PABLO;PAGO HORAS TAMALON Y 5 SELECTO;1.00;PAGO; Q8,000.00 ;GASTO;SUB-CONTRATO;10/12/2025;TAMALON
PABLO;PAGO ARENA Y PIEDRIN 5 SELECTO;1.00;PAGO; Q16,000.00 ;GASTO;MATERIAL;11/12/2025;POYO
PABLO;COMPRA DE CEMENTO;200.00;SACOS; Q13,600.00 ;GASTO;MATERIAL;13/12/2025;FERRE GENESIS
PABLO;COMPRA DE CEMENTO;100.00;SACOS; Q68,800.00 ;GASTO;MATERIAL;11/12/2025;FERRE GENESIS
PABLO;INGRRESO Y EGRESO POR CEMENTO;200.00;SACOS; Q13,600.00 ;INGRESO ;APORTE;13/12/2025;FERRE GENESIS
PABLO;INGRESO Y EGRESO AL MIMOTIEMPO POR CEMENTO;100.00;SACOS; Q6,800.00 ;INGRESO ;APORTE;11/12/2025;FERRE GENESISI
PABLO;REMESE PARA APORTE PARA LLEGAR AL 85%;1.00;REMESA; Q15,248.00 ;INGRESO ;APORTE;16/12/2025;EL CLIENTE
PABLO;APORTE REMESA;1.00;REMESA; Q15,246.00 ;INGRESO ;APORTE;15/12/2025;EL CLIENTE
PABLO;REMESA;1.00;REMESA; Q15,252.00 ;INGRESO ;APORTE;14/12/2025;EL CLIENTE
PABLO;REMESA ;1.00;REMESA; Q15,252.00 ;INGRESO ;APORTE;13/12/2025;EL CLIENTE
PABLO;REMESA PARA CEMENTO Y ARENA;1.00;APORTE; Q15,250.00 ;INGRESO ;APORTE;11/12/2025;EL CLIENTE
PABLO;REMESA PARA FUNDICION;1.00;REM; Q15,249.00 ;INGRESO ;APORTE;10/12/2025;EL CLIENTE
ARCENIO;PAGO FACTURA ATRASADA MATERIALES ;1.00;FAC; Q2,300.00 ;GASTO;MATERIAL;05/12/2025;FERRE PACO
LA EMPRESA;PAGO CHE;1.00;PAGO; Q1,000.00 ;OTROS ING;VARIOS;30/11/2025;TECNO CHE
PABLO;ARENA DE RIO;4.00;M3; Q560.00 ;GASTO;MATERIAL;05/12/2025;FERRE GENESIS
PABLO;5 VIAJES SELECTO BRONCO;5.00;VIAJES; Q3,000.00 ;GASTO;MATERIAL;04/12/2025;BROCO
PABLO;PAGO MAQUINA SINDY;1.00;PAGO; Q2,625.00 ;GASTO;SUB-CONTRATO;05/12/2025;SINDY VELAZQUEZ
PABLO;REMESA PARA COMPLETAR 40%;1.00;REMESA; Q9,029.00 ;INGRESO ;APORTE;06/12/2025;EL CLIENTE
PABLO;APORTE PARA COMPLETAR 40%;1.00;APORTE; Q15,251.00 ;INGRESO ;APORTE;05/12/2025;EL CLIENTE
LA EMPRESA;DESPENSA ISUMOS DEL HOGAR;1.00;FAC; Q670.00 ;OTROS GAST;HOGAR;03/12/2025;LA EMPRESA
ARCENIO;PAGO MANO DE OBRA ALEGONES;1.00;SEMANA; Q5,250.00 ;GASTO;MANO DE OBRA;03/12/2025;LA EMPRESA
COMPITA;CRISTIAN;2.00;UNIDAD; Q200.00 ;OTROS GAST;PERSONALES;03/12/2025;EL COMPA
PABLO;PAGO MANO DE OBRA RESTO QUIQUE;1.00;SEMANA; Q650.00 ;GASTO;MANO DE OBRA;03/12/2025;EL CLIENTE
ERASMO;PAGO MANO DE OBRA ECOFRADO;1.00;SEMANA; Q4,800.00 ;GASTO;MANO DE OBRA;03/12/2025;LA EMPRESA
PABLO;PAGO MOVIMIENTO DE TIERRAS;1.00;PAGO; Q8,000.00 ;GASTO;SUB-CONTRATO;03/12/2025;LA EMPRESA
PABLO;ABONO A PORCENTAJE INICIAL;1.00;PAGO; Q15,253.00 ;INGRESO ;APORTE;03/12/2025;EL CLIENTE
PABLO;COMPRA DE COSTANERAS 6 X 2;5.00;UNIDAD; Q875.00 ;GASTO;MATERIAL;03/12/2025;MULTIPERF VICTORIA
LA EMPRESA;15 DE CERVEZA EN LA SHELL;1.00;PAQ; Q150.00 ;OTROS GAST;PERSONALES;02/12/2025;LA EMPRESA
LA EMPRESA;LECHE BEBE;1.00;FAC; Q166.50 ;OTROS GAST;HOGAR;03/12/2025;LA EMPRESA
LA EMPRESA;COMPRA POLLO;1.00;GASTO; Q30.00 ;OTROS GAST;HOGAR;03/12/2025;LA EMPRESA
COMPA;CRISTIAN;3.00;UNIDAD; Q300.00 ;OTROS GAST;PERSONALES;02/12/2025;EL COMPA
PABLO;PAGO MANO DE OBRA QUIQUE;1.00;SEMANA; Q500.00 ;GASTO;MANO DE OBRA;28/11/2025;LA EMPRESA
PABLO;PAGO MATERIALES FERRE GENESIS;1.00;PAGO; Q2,700.00 ;GASTO;MATERIAL;03/12/2025;FERRE GENESIS
ERASMO;ABONO CASA DON ERASMO;1.00;ABONO; Q20,000.00 ;INGRESO ;APORTE;03/12/2025;EL CLIENTE
LA EMPRESA;PRESTAMO JUAN LUIS;1.00;Q; Q500.00 ;OTROS ING;VARIOS;29/11/2025;JUAN LUIS
PABLO;PAGO MANO DE OBRA AYUDANTES SANTA;1.00;GASTO; Q1,300.00 ;GASTO;MANO DE OBRA;27/11/2025;LA EMPRESA
HAROLD;PRESTAMO PARA PAGAR MANO DE OBRA PABLO;1.00;PRESTAMO; Q1,300.00 ;OTROS ING;VARIOS;25/11/2025;HAROLD
LA EMPRESA;GASTO Y NIVELACION;1.00;GASTO; Q50.00 ;OTROS GAST;PERSONALES;25/11/2025;LA EMPRESA
ARCENIO;PAGO ADELANTO MANO DE OBRA AYUDANTES;1.00;PAGO; Q200.00 ;GASTO;MANO DE OBRA;25/11/2025;LA EMPRESA
PABLO;PAGO MANO DE OBRA ZANJEO Y ARMADURA;1.00;SEMANA; Q1,250.00 ;GASTO;MANO DE OBRA;25/11/2025;LA EMPRESA
LA EMPRESA;CERVEZA Y TACOS CON JORDY;1.00;GASTO; Q450.00 ;OTROS GAST;PERSONALES;24/11/2025;COMEDOR
LA EMPRESA;CRISTIAN;2.00;UNIDAD; Q200.00 ;OTROS GAST;PERSONALES;25/11/2025;COMPITA
PABLO;PAGO MANO DE OBRA DON QUIQUE;1.00;SEMANA; Q650.00 ;GASTO;MANO DE OBRA;22/11/2025;LA EMPRESA
LA EMPRESA;NIVELACION;11.00;Q; Q11.00 ;OTROS ING;VARIOS;22/11/2025;LA EMPRESA
FAM TRAMPE;PAGO FINAL DE DISEÑO AIRBNB ;1.00;PAGO; Q1,500.00 ;OTROS ING;VARIOS;22/11/2025;EL CLIENTE
ERASMO;PAGO MANO DE OBRA ENCOFRADO LOSA;1.00;SEMANA; Q4,800.00 ;GASTO;MANO DE OBRA;22/11/2025;LA EMPRESA
LA EMPRESA;PARA NIVELAR ;1.00;UNIDAD; Q49.11 ;OTROS GAST;PERSONALES;19/11/2025;LA EMPRESA
ERASMO;PAGO ALQUILER ANDAMIOS TRIKETS ;1200.00;GASTO; Q1,200.00 ;GASTO;SUB-CONTRATO;19/11/2025;RICHARD
LA EMPRESA;RETIRO EN CAJA RURAR ABAJO APARTAM;1.00;RETIRO; Q1,000.00 ;OTROS GAST;PERSONALES;19/11/2025;LA EMPRESA
LA EMPRESA;GASTOS POR COMPRA EN HOTMART;4.00;UNIDAD; Q343.00 ;OTROS GAST;PERSONALES;19/11/2025;LA EMPRESA
LA EMPRESA;GASTOS VARIOS;1.00;GASTO; Q237.75 ;OTROS GAST;PERSONALES;19/11/2025;LA EMPRESA
LA EMPRESA;RETIRO EN EFECTIVO CAJERO;1.00;RETIRO; Q1,000.00 ;OTROS GAST;PERSONALES;20/11/2025;CAJERO
LA EMPRESA;DISNEY PLUS;1.00;MES; Q123.87 ;OTROS GAST;HOGAR;20/11/2025;DISNEY
LA EMPRESA;GASTO EN RECARGAS;1.00;GAST; Q165.00 ;OTROS GAST;PERSONALES;18/11/2025;LA EMPRESA
LA EMPRESA;PAGO LUZ APARTAMENTO;2.00;MESES; Q726.00 ;GASTO ADM;HOGAR;21/11/2025;DEORSA
AMATON;PAGO FERETERIA SINAI;1.00;PAGO; Q5,978.00 ;GASTO;MATERIAL;21/11/2025;FERRE AMATON
GERARDO;MADERA PARTIDA;1.00;UNIDAD; Q534.00 ;GASTO;SUB-CONTRATO;19/11/2025;RICHARD
ERASMO;"TUBO DE CONCRETO 8"" PARA COLUMNAS";6.00;UNIDAD; Q960.00 ;GASTO;MATERIAL;15/11/2025;FABRICA COMUNES
ERASMO;PAGO ALQUILER ANDAMIOS Y MADERA;1.00;ALQ; Q1,554.00 ;GASTO;SUB-CONTRATO;19/11/2025;RICHARD
ARCENIO;PAGO ALQUILER MADERA;1.00;ALQ; Q1,564.00 ;GASTO;SUB-CONTRATO;19/11/2025;RICHARD
GERARDO;PAGO ALQUILER MADERA Y ANDAMIOS;1.00;ALQ; Q2,348.00 ;GASTO;SUB-CONTRATO;19/11/2025;RICHARD
PABLO;APORTE PARTE DEL 50%;1.00;PAGO; Q19,112.00 ;INGRESO ;APORTE;19/11/2025;EL CLIENTE
ARCENIO;HIERRO 3/8 PRESTAMO PABLO;26.00;VARILLA; Q520.00 ;GASTO;MATERIAL;18/11/2025;FERRE ALEXIS
ARCENIO;CEMENTO ESCORPION PRESTAMO PABLE;15.00;SACO; Q1,050.00 ;GASTO;MATERIAL;18/11/2025;FERRE ALEXIS
ARCENIO;MONOCAPA EXTRA LISO PRSTAMO PABLO;15.00;SACO; Q1,170.00 ;GASTO;MATERIAL;18/11/2025;FERRE ALEXIS
GERARDO;MONOCAPA EXTRA LISO Y GRIS PRESTAMO PABLO;20.00;SACO; Q1,300.00 ;GASTO;MATERIAL;18/11/2025;FERRE ALEXIS
ARCENIO;MONOCACA BLANCO EXTRA LISO PRESTAMO PABLO;10.00;SACO; Q780.00 ;GASTO;MATERIAL;18/11/2025;FERRE ALXIS
ARCENIO;CLAVO DE 3 Y CALVO DE 2 MADERA PRESTAMO PABLO;27.00;UNIDAD; Q5.10 ;GASTO;MATERIAL;18/11/2025;FERRE ALEXIS
ARCENIO;BLOCK VILLANUEVA PRESTAMO PABLO;50.00;UNIDAD; Q220.00 ;GASTO;MATERIAL;18/11/2025;FERRE ALEXIS
LA EMPRESA;GASTOD VARIOS ;1.00;GASTO; Q350.49 ;OTROS GAST;PERSONALES;17/11/2025;LA EMPRESA
LA EMPRESA;GASTOS EN TIENDA FRENTE A PROYECTO VISTA HEMOSA;1.00;GASTO; Q90.00 ;OTROS GAST;PERSONALES;17/11/2025;TIENDA
LA EMPRESA;MICHES EN LA UNO;1.00;GASTO; Q30.00 ;OTROS GAST;PERSONALES;17/11/2025;SIEMPRE
PABLO;COMPRA DE CAIMAN;1.00;GASTO; Q420.00 ;GASTO;HERRAMIENTA;17/11/2025;FERRE GENESIS
LA EMPRESA;COMPRAS EN LA TORRE EXPRES ;1.00;GASTO; Q40.50 ;OTROS GAST;PERSONALES;17/11/2025;LA TORRE
LA EMPRESA;COMPRA WENDYS JUX;1.00;GASTO; Q33.00 ;OTROS GAST;PERSONALES;17/11/2025;WENDYS
LA EMPRESA;MEDICAMENTOS BEBE;1.00;G; Q130.90 ;OTROS GAST;HOGAR;16/11/2025;FARM BATRES
LA EMPRESA;TACOS EN EL PARQUE;1.00;GASTO; Q50.00 ;OTROS GAST;PERSONALES;16/11/2025;TAQUERO
PABLO;"CLAVOS 3 "" MADERA";1.00;G; Q40.00 ;GASTO;MATERIAL;17/11/2025;FERRE GENESIS
COMPA;CRISTIAN;2.00;UNIDAD; Q200.00 ;OTROS GAST;PERSONALES;17/11/2025;COMPITA
LA EMPRESA;GASTOS EN LA CHINA STORE QUESADA;1.00;GASTO; Q616.00 ;GASTO;HOGAR;16/11/2025;CHINA STORE
LA EMPRESA;BENDAS Y MEDICAEMENTO ;1.00;GASTO; Q92.41 ;OTROS GAST;HOGAR;16/11/2025;FARM GALENO
GERARDO;PAGO A ARIEL MANO DE OBRA PENDIENTE - PABLO;1.00;PAGO; Q6,000.00 ;GASTO;MANO DE OBRA;17/11/2025;LA EMPRESA
PABLO;APORTE PORCENTAJE DEL 50%;1.00;REMESA; Q15,252.00 ;INGRESO ;APORTE;16/11/2025;EL CLIENTE
GERARDO;PAGO MANO DE OBRA AMATON-PABLO;1.00;SEMANA; Q2,700.00 ;GASTO;MANO DE OBRA;15/11/2025;LA EMPRESA
ARCENIO;PAGO RESTANTE MANO DE ONBRA COMUNES;1.00;PAGO; Q1,050.00 ;GASTO;MANO DE OBRA;15/11/2025;LA EMPRESA
LA EMPRESA ;PARA NIVELACION;1.00;COSTO; Q81.00 ;OTROS ING;VARIOS;15/11/2025;LA EMPRESA
ARCENIO;PAGO MANO DE OBRA COMUNES -PALBLO;4.00;DIAS; Q3,900.00 ;GASTO;MANO DE OBRA;15/11/2025;LA EMPRESA
PABLO;PAGO SEMANA INICIAL LOCLAES VISTA HERMOSA;3.00;DIAS; Q1,350.00 ;GASTO;MANO DE OBRA;14/11/2025;LA EMPRESA
LA EMPRESA;GASTO EN LA  FERIA JUTIAPA;1.00;GAST; Q700.00 ;OTROS GAST;PERSONALES;14/11/2025;LA FERIA
LA EMPRESA; 15 DE GALLO NUMERO DOS CON TAXI;1.00;PAQUETE; Q125.00 ;OTROS GAST;PERSONALES;14/11/2025;GUARO GUARO
GUAROGUARO;15 DE GALLO CON TAXY;1.00;PAQUETE; Q125.00 ;OTROS GAST;PERSONALES;14/11/2024;GUARO GUARO
TIENDA ;COMPRA DE LECHE BEBE;1.00;COMPRA; Q45.00 ;OTROS GAST;HOGAR;14/11/2025;TIENDA
CLAUDIA;VITAMINAS PARA BEBE;1.00;PROD; Q100.00 ;OTROS GAST;HOGAR;14/11/2025;CLAUDIA
MARINA;PAGO DE LOCION;1.00;UNIDAD; Q600.00 ;OTROS GAST;PERSONALES;13/11/2025;MARINA
VENI;COMIDA DONDE VENY PARTIDO GUATE;1.00;PAGO; Q300.00 ;OTROS GAST;PERSONALES;13/11/2025;DONDE VENY
GERARDO;HIERRRO 3/8 COMERCIAL;1.00;FAC; Q1,590.00 ;GASTO;MATERIAL;13/11/2025;FERRE ALEXIS
GERARDO;MATIARAL VARIADO;1.00;FAC; Q2,155.00 ;GASTO;MATERIAL;13/11/2025;FERRE ALEXIS
ERASMO;MATERIAL VARIADO ;1.00;FAC; Q2,525.00 ;GASTO;MATERIAL;13/11/2025;FERRE ALEXIS
ARCENIO;MONOCAPA GRIS;20.00;SACO; Q1,000.00 ;GASTO;MATERIAL;13/11/2025;FERRE ALEXIS
ARCENIO;MONOCAPA BLANCO;10.00;SACO; Q710.00 ;GASTO;MATERIAL;13/11/2025;FERRE ALEXIS
ERASMO;"TUBO DE CONCRETO 10""";4.00;TUBO; Q680.00 ;GASTO;MATERIAL;13/11/2025;JORGE LOS COMUN
TIENDA;COMPRA DE GUARO CON JAVIER;1.00;PROD; Q74.00 ;OTROS GAST;PERSONALES;13/11/2025;RIENDA
GRANJERO;COMPRA DE MENU GRANJERO;1.00;PROD; Q37.00 ;OTROS GAST;PERSONALES;13/11/2025;GRANJERO
PABLO;SEGUNDA TRANSFERENCIA DEL 50% DEL ANTICIPO;1.00;PAGO; Q15,294.00 ;INGRESO ;APORTE;13/11/2025;EL CLIENTE
TIENDA;MEDIA GUARO CON MELLADO;1.00;MEDIA; Q40.00 ;OTROS GAST;PERSONALES;12/11/2025;TIENDA
NANCY CARD;PAGO COMPLETO AVALUO COLEGIO;1.00;Q; Q1,500.00 ;OTROS ING;VARIOS;12/11/2025;EL CLIENTE
PABLO;MANGUERA TRANSPARENTE;10.00;ML; Q90.00 ;GASTO;MATERIAL;12/11/2025;FERRE GENESIS
PABLO;2 PIOCHAS,2 PALAS, 1 CARROZA;1.00;UNIDAD; Q715.00 ;GASTO;HERRAMIENTA;12/11/2025;FERRE GENESIS
LA EMPRESA;RETIRO EFECTIVO CAJERO;1.00;RETIRO; Q700.00 ;OTROS GAST;PERSONALES;11/11/2025;RESTAURANTE
LA EMPRESA;CAMA IMPERIAL BEBE;1.00;UNIDAD; Q1,100.00 ;OTROS GAST;PERSONALES;11/11/2025;CASA BLANCA
LA EMPRESA;RETIRO DE CAJERO AUTOMATICO;1.00;EFECT; Q500.00 ;OTROS GAST;PERSONALES;11/11/2025;EL CLIENTE
ARCENIO;PAGO POR ACARREO A WILIAM MAQUINA;1.00;PAGO; Q600.00 ;GASTO;SUB-CONTRATO;11/11/2025;LA EMPRESA
ARCENIO;PAGO MANO DE OBRA ;1.00;SEMANA; Q5,550.00 ;GASTO;MANO DE OBRA;11/11/2025;LA EMPRESA
ERASMO;PAGO MANO E OBRA ;1.00;SEMANA; Q3,918.00 ;GASTO;MANO DE OBRA;11/11/2025;LA EMPRESA
LA EMPRESA;GASTOS SABER NIVELAR;1.00;GASTO; Q-   ;OTROS GAST;VARIOS;11/11/2025;NIVELAR
COMPA;CRISTIAN;2.00;PIEZA; Q200.00 ;OTROS GAST;VARIOS;11/11/2025;COMPITA
PABLO;PRIMER APORTE CONSTRUCCION LOCALES VISTA HERMOSA;1.00;PAGO; Q15,289.00 ;INGRESO ;APORTE;11/11/2025;EL CLIENTE
LA EMPRESA;COMPRA DE GUARO CUMPLE HAROLD;2.00;BOTELLA; Q223.00 ;OTROS GAST;PERSONALES;10/11/2025;GUARO GUARO
LA EMPRESA;LAPICEROS ;1.00;UNIDAD; Q9.00 ;GASTO ADM;EQUIPO;10/11/2025;LIBRERÍA
LA EEMPRESA;GASTO EN DESFILE HIPICO Y FERIA JUTIAPA;1.00;GASTO; Q1,800.00 ;OTROS GAST;PERSONALES;09/11/2025;VARIOS
CHE;DISEÑO CASA UNIFAMILIAR TECNOCHE;1.00;DISEÑP; Q1,500.00 ;OTROS ING;VARIOS;10/11/2025;TECNOCHE
FAM TRAMPE;DISEÑO AIRBNB FAMILIA TRAMPE;1.00;DISEÑO; Q1,500.00 ;OTROS ING;VARIOS;09/11/2025;FAM TRAMPE
TIENEDA;COMPRA DE 15 GALLO;1.00;UNIDAD; Q155.00 ;OTROS GAST;PERSONALES;09/11/2025;EL CLIENTE
LA JOYA;CREPA Y AGUA PURA EN LA JOYA;1.00;UNIDAD; Q55.00 ;OTROS GAST;PERSONALES;08/11/2025;LA JOYA
TIENDA;DOS CERVEZAS EN SANIXTAN;2.00;UNIDAD; Q20.00 ;OTROS GAST;PERSONALES;07/11/2025;EL CLIENTE
BILLAR;PAGO GUARO BILLAR;4.00;BOTELLA; Q500.00 ;OTROS GAST;PERSONALES;07/11/2025;BILLAR
LA GALERA;CENA TACOS DE BIRRIA CON JORDY;1.00;UNIDAD; Q400.00 ;OTROS GAST;PERSONALES;07/11/2025;LA GALERA
COMPA;CRISTIAN;2.00;UNIDAD; Q200.00 ;OTROS GAST;PERSONALES;08/11/2025;EL COMPA
KRELY ;DISEÑO APARTAMENTO AMATON;1.00;UNIDAD; Q3,000.00 ;OTROS ING;VARIOS;10/07/2025;EL CLIENTE
GERARDO;PAGO MANO DE OBRA ALBAÑILES;1.00;SEMANA; Q3,337.00 ;GASTO;MANO DE OBRA;08/11/2025;LA EMPRESA
CARMEN;DISEÑO LOCALES Y APARTAMENTOS;1.00;UNIDAD; Q4,000.00 ;OTROS ING;VARIOS;07/11/2025;EL CLIENTE
LA EMPRESA;GASTOS VARIOS;1.00;GASYO; Q334.00 ;OTROS GAST;PERSONALES;04/11/2025;VARIOS
LA EMPRESA;CERVEZAS EN LA SHELL;6.00;UNIDAD; Q66.00 ;OTROS GAST;PERSONALES;04/11/2025;SIEMPRE
LA EMPRESA;CRISTIAN;3.00;UNIDAD; Q300.00 ;OTROS GAST;PERSONALES;04/11/2025;COMPITA
LA EMPRESA;EQUILIBRIO;1.00;COSTO; Q3,619.14 ;OTROS ING;VARIOS;04/11/2025;LA EMPRESA
LA EMPRESA;CERVEZA CON JAVIER;1.00;GASTO; Q200.00 ;OTROS GAST;PERSONALES;03/11/2025;LA TORRE
LA EMPRESA;PARA PIPA;1.00;UNIDAD; Q21.90 ;OTROS GAST;PERSONALES;03/11/2025;DEL BARRIO
LA EMPRESA;PAGO QUINCENA JIMMY;1.00;PAGO; Q2,100.00 ;GASTO ADM;PLANILLA;01/11/2025;JIMMY
LA EMPRESA;GASTOS EN CEMENTERIO ;1.00;GLOBAL; Q350.00 ;OTROS GAST;PERSONALES;02/11/2025;CLIENTES
LA EMPRESA;COMPRA GUARO GUARO;1.00;FAC; Q32.00 ;OTROS GAST;PERSONALES;01/11/2025;GUARO GUARO
LA EMPRESA;COMPRAS TIENDA SIEMPRE BUENA VISTA;1.00;FAC; Q50.00 ;OTROS GAST;PERSONALES;01/11/2025;SIEMPRE
LA EMPRESA;HOTDOG Y SODAS ;1.00;GLOBAL; Q30.00 ;OTROS GAST;PERSONALES;02/11/2025;SIEMPRE
LA EMPRESA;CENA DONDE MARITO CON CHAMBETO;1.00;CENA; Q383.00 ;OTROS GAST;PERSONALES;01/11/2025;MARITO
LA EMPRESA;BEVIDAS POLICIAS EN LA SHELL1;1.00;GASTO; Q131.50 ;OTROS GAST;PERSONALES;01/11/2025;SIEMPRE
LA EMPRESA;DESPENSA ;1.00;GLOBAL; Q712.74 ;OTROS GAST;HOGAR;01/11/2025;SUPER DEL BARRIO
LA EMPRESA;REGALO MADRE;1.00;GLOBAL; Q50.00 ;OTROS GAST;PERSONALES;01/11/2025;MADRE
LA EMPRESA;COMBUSTIBLE MITSUBISHI;1.00;FULL; Q380.00 ;GASTO ADM;TRANSPORTE;01/10/2025;SHELL
LA EMPRESA;PAGO BILLAR;1.00;PAGO; Q500.00 ;OTROS GAST;PERSONALES;01/11/2025;BILLAR
LA EMPRESA;CRISTIAN;3.00;UNIDAD; Q300.00 ;OTROS GAST;PERSONALES;01/11/2025;COMPITA
LA EMPRESA;CERVEZA Y HOTDOG EN LA UNO;1.00;GASTO; Q127.50 ;OTROS GAST;PERSONALES;01/10/2025;SIEMPRE
ROSITA MAEDA;MEDICION DE TERRENO EL TULE;1.00;UNIDAD; Q200.00 ;OTROS ING;VARIOS;01/11/2025;ROSITA
LA EMPRESA;COMPRA VERDURAS;1.00;UNIDAD; Q190.00 ;OTROS GAST;HOGAR;01/11/2025;LA EMPRESA
LA EMPRESA;REGALO A JUX;1.00;DEP; Q500.00 ;OTROS GAST;PERSONALES;01/11/2025;LA EMPRESA
ARCENIO;MEZCLADORA;1.00;UNIDAD; Q60.00 ;GASTO ADM;HERRAMIENTA;22/10/2025;FERRE ALEXIS
ARCENIO;MONOCAPA GRIS;10.00;SACO; Q490.00 ;GASTO;MATERIAL;22/10/2025;FERRE ALEXIS
ARCENIO;MONOCAPA GRIS;15.00;SACO; Q750.00 ;GASTO;MATERIAL;27/10/2025;FERRE ALEXIS
ARCENIO;PLANCHA METALICA LISA;1.00;UNIDAD; Q35.00 ;GASTO ADM;EQUIPO;24/10/2025;FERRE ALEXIS
ARCENIO;PLANCHA CON ESPONJA;1.00;UNIDAD; Q38.00 ;GASTO ADM;EQUIPO;24/10/2025;FERRE ALEXIS
GERARDO;MONOCAPA BLANCO;15.00;SACO; Q1,080.00 ;GASTO;MATERIAL;25/10/2025;FERRE ALEXIS
GERARDO;CEMENTO UGC;20.00;SACO; Q1,600.00 ;GASTO;MATERIAL;24/10/2025;FERRE ALEXIS
GERARDO;PLANCHA METALICA LISA;2.00;UNIDAD; Q70.00 ;GASTO ADM;EQUIPO;24/10/2025;FERRE ALEXIS
GERARDO;PLANCHA CON ESPONJA;1.00;UNIDAD; Q38.00 ;GASTO ADM;EQUIPO;24/10/2025;FERRE ALEXIS
GERARDO;CARRETA;1.00;UNIDAD; Q325.00 ;GASTO ADM;EQUIPO;24/10/2025;FERRE ALEXIS
ERASMO;BLOCK VILLANUEVA;200.00;UNIDAD; Q900.00 ;GASTO;MATERIAL;22/10/2025;FERRE ALEXIS
ERASMO;ALAMBRE AMARRE;25.00;LB; Q150.00 ;GASTO;MATERIAL;22/10/2025;FERRE ALEXIS
ERASMO;PIEDRIN;3.00;M3; Q690.00 ;GASTO;MATERIAL;03/11/2025;FERRE P&R
ERASMO;ARENA DE RIO;3.00;M3; Q405.00 ;GASTO;MATERIAL;03/11/2025;FERRE P&R
ERASMO;BLOCK VILLANUEVA;50.00;UNIDAD; Q222.50 ;GASTO;MATERIAL;03/11/2025;FERRE P&R
GERARDO;MONOCAPA BLANCO EXTRA LISO;10.00;SACO; Q800.00 ;GASTO;MATERIAL;03/11/2025;FERRE P&R
GERARDO;MONOCAPA GRIS ;10.00;SACO; Q480.00 ;GASTO;MATERIAL;03/11/2025;FERRE P&R
ARCENIO;MANO DE OBRA;1.00;SEMANA; Q5,890.00 ;GASTO;MANO DE OBRA;01/11/2025;LA EMPRESA
GERARDO;MANO DE OBRA;1.00;SEMANA; Q3,390.00 ;GASTO;MANO DE OBRA;01/11/2025;LA EMPRESA
ERASMO;MANO DE OBRA;1.00;SEMANA; Q4,447.00 ;GASTO;MANO DE OBRA;01/11/2025;LA EMPRESA
LA EMPRESA;NO SE SABE ;1.00;MONTO; Q30,000.00 ;OTROS GAST;PERSONALES;31/10/2025;LA EMPRESA
LA EMPRESA;NO SE SABE ;1.00;MONTO; Q8,069.97 ;OTROS GAST;PERSONALES;28/10/2025;LA EMPRESA
ARCENIO;PAGO SEMABA MANO DE OBRA;1.00;SEMANA; Q5,125.00 ;GASTO;MANO DE OBRA;25/10/2025;LA EMPRESA
ERASMO;ALBAÑILES;1.00;SEMANA; Q3,950.00 ;GASTO;MANO DE OBRA;25/10/2025;LA EMPRESA
GERARDO;PAGO SEMANA ALBAÑILES;1.00;SEMANA; Q3,150.00 ;GASTO;MANO DE OBRA;25/10/2025;LA EMPRESA
ARCENIO;MATERIALES VARIO ;1.00;FAC; Q6,667.00 ;GASTO;MATERIAL;19/10/2025;FERRE ALEXIS
ERASMO;MATERIALES VARIOS;1.00;FAC; Q7,766.00 ;GASTO;MATERIAL;19/10/2025;FERRE ALEXIS
GERARDO;MATERIALES VARIO;1.00;FAC; Q1,870.00 ;GASTO;MATERIAL;19/10/2025;FERRE ALEXIS
LA EMPRESA;RROPA MELISA;1.00;PAGO; Q50.00 ;OTROS GAST;PERSONALES;18/10/2025;EL CLIENTE
ARCENIO;ACABADOS;1.00;SEMANA; Q5,600.00 ;GASTO;MANO DE OBRA;18/10/2025;LA EMPRESA
ERASMO;ALBAÑILES;1.00;SEMANA; Q5,150.00 ;GASTO;MANO DE OBRA;18/10/2025;LA EMPRESA
GERARDO;LEVANTADO CUARTO NIVEL;1.00;SEMANA; Q3,100.00 ;GASTO;MANO DE OBRA;18/10/2025;LA EMPRESA
LA EMPRESA;COMBUSTIBLE SHELL BUENA VISTA;1.00;PAGO; Q200.00 ;GASTO ADM;TRANSPORTE;17/10/2025;EL CLIENTE
LA EMPRESA;PRESTAMO JUX ;1.00;PAGO; Q100.00 ;OTROS GAST;PERSONALES;17/10/2025;EL CLIENTE
ERASMO;SEGUIMINETO Y CONSTRUCCION VIVIENDA MULTIFAMILIAR;1.00;PAGO; Q20,000.00 ;INGRESO ;APORTE;16/10/2025;EL CLIENTE
ARCENIO;FACHALETA;40.00;M2; Q4,642.86 ;GASTO;MATERIAL;16/10/2025;CECOCO
ARCENIO;PEGATEC;3.00;SACOS; Q74.70 ;GASTO;MATERIAL;16/10/2025;CECOCO
LA EMPRESA;LUZ;1.00;PAGO; Q300.00 ;GASTO ADM;FIJO;15/10/2025;EL CLIENTE
LA EMPRESA;PLATAFORMAS;1.00;PAGO; Q2,430.00 ;GASTO ADM;FIJO;15/10/2025;EL CLIENTE
PABLO;DISEÑO APARTAMENTOS Y PARQUEO;1.00;PAGO; Q6,000.00 ;OTROS ING;VARIOS;15/10/2025;EL CLIENTE
ARCENIO;AMPLIACION CASA ARCENIO LOS COMUNES;1.00;PAGO; Q20,000.00 ;INGRESO ;APORTE;13/10/2025;EL CLIENTE
ARCENIO;VARIOS;1.00;SEMANA; Q6,850.00 ;GASTO;MANO DE OBRA;11/10/2025;LA EMPRESA
ERASMO;ALBAÑILES;1.00;SEMANA; Q5,025.00 ;GASTO;MANO DE OBRA;11/10/2025;LA EMPRESA
GERARDO;LEVANTADO CUARTO NIVEL;1.00;SEMANA; Q6,000.00 ;GASTO;MANO DE OBRA;11/10/2025;LA EMPRESA
LA EMPRESA;PAÑALES Y BATERIAS EN LA SUPER DEL BARRIO QUESADA;1.00;PAGO; Q142.05 ;OTROS GAST;HOGAR;06/10/2025;EL CLIENTE
LA EMPRESA;COMPRAS TIENDA SHELL BUENA VISTA;1.00;PAGO; Q32.00 ;OTROS GAST;PERSONALES;04/10/2025;EL CLIENTE
LA EMPRESA;PAGO QUINCENA JIMMY;1.00;PAGO; Q2,100.00 ;GASTO ADM;PLANILLA;04/10/2025;EL CLIENTE
ARCENIO;INSTALACIONES Y ACAVADOS.;1.00;SEMANA; Q6,925.00 ;GASTO;MANO DE OBRA;04/10/2025;LA EMPRESA
ERASMO;ALBAÑILES;1.00;SEMANA; Q4,700.00 ;GASTO;MANO DE OBRA;04/10/2025;LA EMPRESA
GERARDO;DESENCOFRADO Y ACABADO MURO;1.00;SEMANA; Q5,000.00 ;GASTO;MANO DE OBRA;04/10/2025;LA EMPRESA
LA EMPRESA;PAGO MANO DE OBRA MITSUVISHI;1.00;PAGO; Q1,000.00 ;OTROS GAST;PERSONALES;03/10/2025;EL CLIENTE
LA EMPRESA;PAGO ANTICIPO PINTURA MITUSVISHI;1.00;PAGO; Q1,500.00 ;OTROS GAST;PERSONALES;03/10/2025;EL CLIENTE
ERASMO;SEGUIMINETO Y CONSTRUCCION VIVIENDA MULTIFAMILIAR;1.00;PAGO; Q40,000.00 ;INGRESO ;APORTE;02/10/2025;EL CLIENTE
LA EMPRESA;DIA DEL NIÑO EROS CAFÉ;1.00;PAGO; Q275.00 ;OTROS GAST;PERSONALES;01/10/2025;EL CLIENTE
LA EMPRESA;COMPRAS TIENDA SHELL BUENA VISTA;1.00;PAGO; Q92.00 ;OTROS GAST;PERSONALES;01/10/2025;EL CLIENTE
LA EMPRESA;COMBUSTIBLE SHELL BUENA VISTA;1.00;PAGO; Q100.00 ;GASTO ADM;TRANSPORTE;01/10/2025;EL CLIENTE
LA EMPRESA;TIENDA PUMA EL AMATON QUESADA;1.00;PAGO; Q22.50 ;OTROS GAST;PERSONALES;30/09/2025;EL CLIENTE
LA EMPRESA;COMPRAS TIENDA SHELL BUENA VISTA;1.00;PAGO; Q51.00 ;OTROS GAST;PERSONALES;30/09/2025;EL CLIENTE
LA EMPRESA;COMPRAS DE MEDICAMENTOS GALENO EL AMATON;1.00;PAGO; Q44.25 ;OTROS GAST;HOGAR;30/09/2025;EL CLIENTE
ARCENIO;MONOCAPA GRIS;20.00;SACOS; Q1,080.00 ;GASTO;MATERIAL;30/09/2025;FERRE PACO
ARCENIO;MATERIAL ELECTRICO ;1.00;FAC; Q6,500.00 ;GASTO;MATERIAL;30/09/2025;CELASA JUTIAPA
GERARDO;LEVANTADO DE MURO;1.00;SEMANA; Q8,000.00 ;GASTO;MANO DE OBRA;30/09/2025;LA EMPRESA
LA EMPRESA;GASTOS EN RESTAURANTE AGUACHILE;1.00;PAGO; Q245.00 ;OTROS GAST;PERSONALES;29/09/2025;EL CLIENTE
LA EMPRESA;COMPRAS TIENDA SHELL BUENA VISTA;1.00;PAGO; Q7.00 ;OTROS GAST;PERSONALES;29/09/2025;EL CLIENTE
LA EMPRESA;COMPRAS TIENDA SHELL BUENA VISTA;1.00;PAGO; Q25.00 ;OTROS GAST;PERSONALES;29/09/2025;EL CLIENTE
LA EMPRESA;HELADOS SARITA METROPLAZA;1.00;PAGO; Q60.00 ;OTROS GAST;PERSONALES;29/09/2025;EL CLIENTE
LA EMPRESA;ISUMOS DEL HOGAR EN MAXIDESPENSA JUTIAPA;1.00;PAGO; Q1,384.50 ;OTROS GAST;HOGAR;29/09/2025;EL CLIENTE
LA EMPRESA;COMBUSTIBLE SHELL BUENA VISTA;1.00;PAGO; Q100.00 ;GASTO ADM;TRANSPORTE;29/09/2025;EL CLIENTE
ARCENIO;AMPLIACION CASA ARCENIO LOS COMUNES;1.00;PAGO; Q10,000.00 ;INGRESO ;APORTE;27/09/2025;EL CLIENTE
LA EMPRESA;COMPRAS TIENDA SHELL BUENA VISTA;1.00;PAGO; Q96.00 ;OTROS GAST;PERSONALES;27/09/2025;EL CLIENTE
LA EMPRESA;COMPRAS TIENDA SHELL BUENA VISTA;1.00;PAGO; Q96.00 ;OTROS GAST;PERSONALES;27/09/2025;EL CLIENTE
LA EMPRESA;COMPRAS TIENDA SHELL BUENA VISTA;1.00;PAGO; Q4.00 ;OTROS GAST;PERSONALES;27/09/2025;EL CLIENTE
LA EMPRESA;ANTICIPO REPUESTOS MITSUVISHI;1.00;PAGO; Q2,500.00 ;OTROS GAST;PERSONALES;27/09/2025;EL CLIENTE
ARCENIO;TUBO PVC 3/4 ;2.00;UNIDAD; Q66.00 ;GASTO;MATERIAL;27/09/2025;FERRE ALEXIS
ARCENIO;TEE PVC 3/4;10.00;UNIDAD; Q35.00 ;GASTO;MATERIAL;27/09/2025;FERRE ALEXIS
ARCENIO;REDUCIDOR 3/4 A 1/2;10.00;UNIDAD; Q35.00 ;GASTO;MATERIAL;27/09/2025;FERRE ALEXIS
ARCENIO;TEE PVC 3;10.00;UNIDAD; Q150.00 ;GASTO;MATERIAL;27/09/2025;FERRE ALEXIS
ARCENIO;CODO PVC 3/4;10.00;UNIDAD; Q35.00 ;GASTO;MATERIAL;27/09/2025;FERRE ALEXIS
ARCENIO;PEGAMENTO PVC;2.00;TUBO; Q56.00 ;GASTO;MATERIAL;27/09/2025;FERRE ALEXIS
ARCENIO;FUNDICION DE LOZA E INSTALACIONES ;1.00;SEMANA; Q7,400.00 ;GASTO;MANO DE OBRA;27/09/2025;LA EMPRESA
ERASMO;ALBAÑILES;1.00;SEMANA; Q3,000.00 ;GASTO;MANO DE OBRA;27/09/2025;LA EMPRESA
GERARDO;LEVANTADO DE MURO CUARTO NIVEL.;1.00;SEMANA; Q3,500.00 ;GASTO;MANO DE OBRA;27/09/2025;LA EMPRESA
ARCENIO;TEE PVC 3/4;4.00;UNIDAD; Q14.00 ;GASTO;MATERIAL;26/09/2025;FERRE ALEXIS
ARCENIO;CODO PVC 3/4;4.00;UNIDAD; Q14.00 ;GASTO;MATERIAL;26/09/2025;FERRE ALEXIS
ARCENIO;TUBO PVC 3/4 ;4.00;UNIDAD; Q132.00 ;GASTO;MATERIAL;26/09/2025;FERRE ALEXIS
ARCENIO;TOBO PVC 1/2;8.00;UNIDAD; Q160.00 ;GASTO;MATERIAL;26/09/2025;FERRE ALEXIS
ARCENIO;REDUCIDOR PVC 3/4 A 1/2;1.00;UNIDAD; Q3.50 ;GASTO;MATERIAL;26/09/2025;FERRE ALEXIS
ERASMO;BLOCK VILLANUEVA;500.00;U; Q2,250.00 ;GASTO;MATERIAL;26/09/2025;FERRE ALEXIS
ERASMO;SEGUIMINETO Y CONSTRUCCION VIVIENDA MULTIFAMILIAR;1.00;PAGO; Q20,000.00 ;INGRESO ;APORTE;25/09/2025;EL CLIENTE
LA EMPRESA;DOLLAE CITY;1.00;PAGO; Q79.80 ;OTROS GAST;PERSONALES;24/09/2025;EL CLIENTE
LA EMPRESA;COMPRAS TIENDA SHELL BUENA VISTA;1.00;PAGO; Q41.00 ;OTROS GAST;PERSONALES;24/09/2025;EL CLIENTE
LA EMPRESA;COMIDA CHINA JUTIAPA;1.00;PAGO; Q438.90 ;OTROS GAST;PERSONALES;24/09/2025;EL CLIENTE
LA EMPRESA;COMPRAS DE ZAPATOS EN MD MELISA;1.00;PAGO; Q384.92 ;OTROS GAST;PERSONALES;24/09/2025;EL CLIENTE
LA EMPRESA;COMPRAS TIENDA SHELL BUENA VISTA;1.00;PAGO; Q33.00 ;OTROS GAST;PERSONALES;24/09/2025;EL CLIENTE
LA EMPRESA;PAGO PLATAFORMA DISNEY PLUS;1.00;PAGO; Q123.87 ;OTROS GAST;HOGAR;24/09/2025;EL CLIENTE
LA EMPRESA;ISUMOS DEL HOGAR EN MAXIDESPENSA JUTIAPA;1.00;PAGO; Q261.70 ;OTROS GAST;HOGAR;24/09/2025;EL CLIENTE
LA EMPRESA;COMBUSTIBLE SHELL BUENA VISTA;1.00;PAGO; Q100.00 ;GASTO ADM;TRANSPORTE;24/09/2025;EL CLIENTE
LA EMPRESA;PRESTAMO JUX ;1.00;PAGO; Q500.00 ;OTROS GAST;PERSONALES;24/09/2025;EL CLIENTE
LA EMPRESA;COMBUSTIBLE ;1.00;PAGO; Q100.00 ;GASTO ADM;TRANSPORTE;24/09/2025;EL CLIENTE
ARCENIO;"CALVO 3""";4.00;LIBRA; Q28.00 ;GASTO;MATERIAL;24/09/2025;FERRE ALEXIS
ARCENIO;CEMENTO ESCORPION;270.00;SACOS; Q18,360.00 ;GASTO;MATERIAL;24/09/2025;FERRE ALEXIS
ARCENIO;JIMMY HIERRO 3/8;130.00;VARILLAS; Q282.75 ;GASTO;MATERIAL;24/09/2025;LA FERRE
ARCENIO;TEE PVC 3;1.00;UNIDAD; Q16.00 ;GASTO;MATERIAL;24/09/2025;LA FERRE
ARCENIO;REDUCIDOR 3 A 2;1.00;UNIDAD; Q13.00 ;GASTO;MATERIAL;24/09/2025;LA FERRE
ARCENIO;"CODO PVC 3""";2.00;UNIDAD; Q20.00 ;GASTO;MATERIAL;24/09/2025;LA FERRE
GERARDO;"TAPON PVC HEMBRA 3""";6.00;U; Q54.00 ;GASTO;MATERIAL;24/09/2025;LA FERRE
ERASMO;SEGUIMINETO Y CONSTRUCCION VIVIENDA MULTIFAMILIAR;1.00;PAGO; Q14,000.00 ;INGRESO ;APORTE;23/09/2025;EL CLIENTE
LA EMPRESA;ANTICIPO REPUESTOS MITSUVISHI;1.00;PAGO; Q4,000.00 ;OTROS GAST;PERSONALES;23/09/2025;EL CLIENTE
ARCENIO;CODO PRESION 90 3/4;2.00;UNIDAD; Q9.00 ;GASTO;MATERIAL;23/09/2025;LA FERRE
ARCENIO;TUBO PVC 3/4 ;12.00;UNIDAD; Q60.00 ;GASTO;MATERIAL;23/09/2025;LA FERRE
ARCENIO;HIERRO 1/4 G40;8.00;VARILLAS; Q100.00 ;GASTO;MATERIAL;23/09/2025;LA FERRE
ARCENIO;"CODO 90 PVC 3""";2.00;UNIDAD; Q26.00 ;GASTO;MATERIAL;23/09/2025;LA FERRE
ARCENIO;REDUCIDOR 3A 2;2.00;UNIDAD; Q26.00 ;GASTO;MATERIAL;23/09/2025;LA FERRE
ARCENIO;"TEE PVC 3""";1.00;UNIDAD; Q16.00 ;GASTO;MATERIAL;23/09/2025;LA FERRE
ARCENIO;TUBO PVC GRIS ELECTRICO 3/4;1.00;UNIDAD; Q12.00 ;GASTO;MATERIAL;23/09/2025;LA FERRE
ARCENIO;TUBO PVC GRIS ELECTRICO 1 1/4;4.00;UNIDAD; Q104.00 ;GASTO;MATERIAL;23/09/2025;LA FERRE
ERASMO;HIERRO 3/8;52.00;VARILLA; Q1,131.00 ;GASTO;MATERIAL;23/09/2025;LA FERRE QUESADA
ERASMO;HIERRO 1/2 COMERCIAL;14.00;VARILLA; Q560.00 ;GASTO;MATERIAL;23/09/2025;LA FERRE QUESADA
GERARDO;CONSTRUCCION TERCER Y CUARTO NIVEL;1.00;PAGO; Q50,000.00 ;INGRESO ;APORTE;22/09/2025;EL CLIENTE
ERASMO;SEGUIMINETO Y CONSTRUCCION VIVIENDA MULTIFAMILIAR;1.00;PAGO; Q40,000.00 ;INGRESO ;APORTE;22/09/2025;EL CLIENTE
LA EMPRESA;COMPRAS TIENDA SHELL BUENA VISTA;1.00;PAGO; Q67.00 ;OTROS GAST;PERSONALES;22/09/2025;EL CLIENTE
ARCENIO;PARALES DE 3 M;24.00;UNIDAD; Q132.00 ;GASTO;SUB-CONTRATO;22/09/2025;RICHARD
GERARDO;BLOCK VILLANUEVA;1000.00;U; Q4,500.00 ;GASTO;MATERIAL;22/09/2025;FERRE ALEXIS
GERARDO;MONOCAPA GRIS;50.00;SACOS; Q2,500.00 ;GASTO;MATERIAL;22/09/2025;FERRE ALEXIS
ERASMO;SEGUIMINETO Y CONSTRUCCION VIVIENDA MULTIFAMILIAR;1.00;PAGO; Q6,000.00 ;INGRESO ;APORTE;21/09/2025;EL CLIENTE
LA EMPRESA;COMRAS EN LA DEL BARRIO QUESADA;1.00;PAGO; Q31.85 ;OTROS GAST;HOGAR;21/09/2025;EL CLIENTE
LA EMPRESA;PERFUMS MELISA;1.00;PAGO; Q220.00 ;OTROS GAST;PERSONALES;20/09/2025;EL CLIENTE
LA EMPRESA;PAGO QUINCENA JIMMY;1.00;PAGO; Q2,100.00 ;GASTO ADM;PLANILLA;20/09/2025;EL CLIENTE
ARCENIO;COLOCACION DE LOZA PREFABRICADA;1.00;SEMANA; Q6,750.00 ;GASTO;MANO DE OBRA;20/09/2025;LA EMPRESA
ERASMO;ALBAÑILES;1.00;SEMANA; Q2,675.00 ;GASTO;MANO DE OBRA;20/09/2025;LA EMPRESA
GERARDO;COLOCACION Y DETALLES FINALES LOSA PREFABRICADA;1.00;SEMANA; Q4,800.00 ;GASTO;MANO DE OBRA;20/09/2025;LA EMPRESA
ARCENIO;AMPLIACION CASA ARCENIO LOS COMUNES;1.00;PAGO; Q20,000.00 ;INGRESO ;APORTE;19/09/2025;EL CLIENTE
LA EMPRESA;PAGO ALMUERZO ALBAÑILES;1.00;PAGO; Q460.00 ;OTROS GAST;PERSONALES;19/09/2025;EL CLIENTE
GERARDO;CANECA DE ANTISOL 5 GALONES;1.00;U; Q475.00 ;GASTO;MATERIAL;19/09/2025;FERRE AMATON
GERARDO;CEMENTO ESCORPION;105.00;SACOS; Q7,140.00 ;GASTO;MATERIAL;19/09/2025;FERRE ALEXIS
GERARDO;ANTISOL ;1.00;CANCA; Q475.00 ;GASTO;MATERIAL;19/09/2025;FERRE AMATON
GERARDO;FUNDICION DE LOZA PREFABRICADA;160.00;M2; Q4,000.00 ;GASTO;MANO DE OBRA;19/09/2025;LA EMPRESA
LA EMPRESA;PRESTAMO JUX ;1.00;PAGO; Q500.00 ;OTROS GAST;PERSONALES;18/09/2025;EL CLIENTE
ERASMO;JIMMY LAZO, LLAVE BOLA;1.00;FAC; Q31.75 ;GASTO;MATERIAL;18/09/2025;LA FERRE QUESADA
ARCENIO;CAJAS OCTOGONALES PLASTICAS;35.00;UNIDAD; Q210.00 ;GASTO;MATERIAL;17/09/2025;FERRE ALEXIS
ARCENIO;CAJAS RECTANGULARES PLASTICAS;22.00;UNIDAD; Q132.00 ;GASTO;MATERIAL;17/09/2025;FERRE ALEXIS
ERASMO;BLOCK VILLANUEVA;300.00;U; Q1,320.00 ;GASTO;MATERIAL;17/09/2025;FERRE ALEXIS
ERASMO;ROLLO POLIDUCTO;1.00;U; Q135.00 ;GASTO;MATERIAL;17/09/2025;FERRE ALEXIS
ERASMO;ARENA DE RIO;3.00;M3; Q495.00 ;GASTO;MATERIAL;17/09/2025;ARIEL
GERARDO;CAJAS OCTOGONALES PLASTICAS;10.00;U; Q60.00 ;GASTO;MATERIAL;17/09/2025;FERRE ALEXIS
GERARDO;CAJAS RECTANGULARES PLASTICAS;28.00;U; Q156.00 ;GASTO;MATERIAL;17/09/2025;FERRE ALEXIS
GERARDO;FELXITUBO ;2.00;ROOLO; Q350.00 ;GASTO;MATERIAL;17/09/2025;FERRE ALEXIS
GERARDO;HIERRO 1/2 COMERCIAL;2.00;QQ; Q530.00 ;GASTO;MATERIAL;17/09/2025;FERRE ALEXIS
LA EMPRESA;LECHE  MAXIDESPENSA JUTIAPA;1.00;PAGO; Q78.50 ;OTROS GAST;HOGAR;16/09/2025;EL CLIENTE
GERARDO;JIMMY TARUGO AZUL, TORNILLOS;1.00;FAC; Q7.50 ;GASTO;MATERIAL;16/09/2025;LA FERRE
LA EMPRESA;PAGO MENSUALIDAD COMEDOR;1.00;PAGO; Q840.00 ;OTROS GAST;HOGAR;15/09/2025;EL CLIENTE
LA EMPRESA;PAGO QUINCENA JIMMY;1.00;PAGO; Q3,400.00 ;GASTO ADM;PLANILLA;13/09/2025;EL CLIENTE
ARCENIO;COLOCACION DE LOZA PREFABRICADA;1.00;SEMANA; Q8,850.00 ;GASTO;MANO DE OBRA;13/09/2025;LA EMPRESA
ERASMO;ALBAÑILES;1.00;SEMANA; Q3,400.00 ;GASTO;MANO DE OBRA;13/09/2025;LA EMPRESA
ERASMO;CABLE NUMERO 10 NEGRO;35.00;ML; Q262.50 ;GASTO ADM;EQUIPO;12/09/2025;LA FERRE QUESADA
ERASMO;CABLE NUMERO 10 ROJO;35.00;ML; Q262.50 ;GASTO ADM;EQUIPO;12/09/2025;LA FERRE QUESADA
ERASMO;SIKADUR HI MOD GEL 1K;1.00;U; Q205.00 ;GASTO;MATERIAL;12/09/2025;LA FERRE QUESADA
ERASMO;CINTA DE AHISLAR TEMFLEX;1.00;U; Q15.00 ;GASTO;MATERIAL;12/09/2025;LA FERRE QUESADA
ERASMO;CEPILLO ALAMBRE MANGO DE MADERA;3.00;U; Q45.00 ;GASTO ADM;HERRAMIENTA;12/09/2025;LA FERRE QUESADA
ERASMO;JIMMY ACOMETIDA;1.00;FAC; Q434.00 ;GASTO;MATERIAL;12/09/2025;LA FERRE QUESADA
ARCENIO;AMPLIACION CASA ARCENIO LOS COMUNES;1.00;PAGO; Q30,000.00 ;INGRESO ;APORTE;11/09/2025;EL CLIENTE
ARCENIO;JIMMY MATERIALES VARIOS;1.00;FAC; Q258.00 ;GASTO;MATERIAL;10/09/2025;LA FERRE
ERASMO;JIMMY MATERIALES VARIOS;1.00;FAC; Q205.00 ;GASTO;MATERIAL;10/09/2025;LA FERRE QUESADA
GERARDO;CODO DRENAJE 90;4.00;U; Q48.00 ;GASTO;MATERIAL;10/09/2025;FERRE AMATON
GERARDO;"CODO 90 3"" DRENAJE";4.00;U; Q48.00 ;GASTO;MATERIAL;10/09/2025;FERRE AMATON
GERARDO;JIMMY MATERIALES VARIOS;1.00;FAC; Q143.00 ;GASTO;MATERIAL;10/09/2025;LA FERRE
LA EMPRESA;RESMAS TAMAÑO CARTA;1.00;PAGO; Q100.00 ;GASTO ADM;OFICINA;08/09/2025;EL CLIENTE
LA EMPRESA;RESMAS TAMAÑO OFICIO;1.00;PAGO; Q110.00 ;GASTO ADM;OFICINA;08/09/2025;EL CLIENTE
LA EMPRESA;LAPICES;1.00;PAGO; Q18.00 ;GASTO ADM;OFICINA;08/09/2025;EL CLIENTE
LA EMPRESA;LAPICEROS;1.00;PAGO; Q30.00 ;GASTO ADM;OFICINA;08/09/2025;EL CLIENTE
LA EMPRESA;POSTICK;1.00;PAGO; Q10.00 ;GASTO ADM;OFICINA;08/09/2025;EL CLIENTE
LA EMPRESA;TABLETAS;1.00;PAGO; Q20.00 ;GASTO ADM;OFICINA;08/09/2025;EL CLIENTE
LA EMPRESA;FOLDERS;1.00;PAGO; Q40.00 ;GASTO ADM;OFICINA;08/09/2025;EL CLIENTE
ERASMO;CEDAZO;2.00;U; Q57.00 ;GASTO;MATERIAL;08/09/2025;LA FERRE QUESADA
GERARDO;"HIERRO 1/2""";14.00;VARILLAS; Q530.00 ;GASTO;MATERIAL;08/09/2025;FERRE AMATON
GERARDO;HIERRO 1/2 COMERCIAL;14.00;VARILLAS; Q530.04 ;GASTO;MATERIAL;08/09/2025;FERRE AMATON
ARCENIO;COLOCACION DE LOZA PREFABRICADA;1.00;SEMANA; Q8,325.00 ;GASTO;MANO DE OBRA;06/09/2025;LA EMPRESA
ERASMO;ALBAÑILES;1.00;SEMANA; Q3,587.00 ;GASTO;MANO DE OBRA;06/09/2025;LA EMPRESA
GERARDO;COLOCACION DE VIGUETAS Y BOVEDIAS;1.00;SEMANA; Q5,000.00 ;GASTO;MANO DE OBRA;06/09/2025;LA EMPRESA
GERARDO;MATERIALES SINAI;1.00;TRANSF; Q7,000.00 ;GASTO;MATERIAL;05/09/2025;FERRE AMATON
ARCENIO;TABLAS DE 3 M VENDIDAS JESICA;12.00;UNIDAD; Q2,520.00 ;GASTO;MATERIAL;04/09/2025;FERRE PACO
ARCENIO;PARALES DE 3 X 4 X 3 M ;12.00;UNIDAD; Q1,200.00 ;GASTO;MATERIAL;04/09/2025;FERRE PACO
ARCENIO;MADERA JESICA;24.00;UNIDAD; Q2,520.00 ;GASTO;MATERIAL;04/09/2025;FERRE PACO
ARCENIO;JIMMY BLOCK P&R;500.00;UNIDAD; Q2,175.00 ;GASTO;MATERIAL;04/09/2025;P&R QUESADA
ARCENIO;JIMMY MATERIALES VARIOS;1.00;FAC; Q213.00 ;GASTO;MATERIAL;04/09/2025;LA FERRE
ERASMO;ALQUILER DE ANDAMIOS;4.00;UNIDAD; Q500.00 ;GASTO;SUB-CONTRATO;04/09/2025;RICHARD
ERASMO;TABLAS DE 3 M;14.00;UNIDAD; Q224.00 ;GASTO;SUB-CONTRATO;04/09/2025;RICHARD
GERARDO;ARENA Y  PIEDRIN;16.00;LB; Q2,640.00 ;GASTO;MATERIAL;04/09/2025;ARIEL
ARCENIO;JIMMY MATERIALES VARIOS;1.00;FAC; Q1,189.00 ;GASTO;MATERIAL;03/09/2025;LA FERRE
GERARDO;ALQUILER DE TRIKETS;100.00;UNIDAD; Q1,500.00 ;GASTO;SUB-CONTRATO;03/09/2025;RICHAR
GERARDO;TABLAS COMPRADAS;12.00;UNIDAD; Q1,200.00 ;GASTO;SUB-CONTRATO;03/09/2025;RICHAR
GERARDO;CONSTRUCCION TERCER Y CUARTO NIVEL;1.00;PAGO; Q50,000.00 ;INGRESO ;APORTE;02/09/2025;EL CLIENTE
LA EMPRESA;PAGO REPUESTOS CARRO JUX;1.00;PAGO; Q260.00 ;OTROS GAST;PERSONALES;02/09/2025;EL CLIENTE
ARCENIO;PAGO FLETE LOSA ;1.00;TRANSF; Q2,350.00 ;GASTO;SUB-CONTRATO;02/09/2025;MULBLOCK
GERARDO;PAGO FETE LOSA;1.00;TRANSF; Q1,450.00 ;GASTO;SUB-CONTRATO;02/09/2025;MULTIBLOCKS
ARCENIO;ENVIOS A JIMMY;1.00;UNIDAD; Q2,314.00 ;GASTO;MATERIAL;01/09/2025;VARIADO
WALMART;PAGO  MES;1.00;PAGO; Q14,000.00 ;OTROS ING;VARIOS;30/08/2025;WALMART
LA EMPRESA;PAGO QUINCENA JIMMY;1.00;PAGO; Q2,500.00 ;GASTO ADM;PLANILLA;30/08/2025;EL CLIENTE
ARCENIO;COLOCACION DE LOZA PREFABRICADA;1.00;SEMANA; Q3,600.00 ;GASTO;MANO DE OBRA;30/08/2025;LA EMPRESA
ARCENIO;ALQUILER MADERA ;1.00;PAGO; Q5,490.00 ;GASTO;SUB-CONTRATO;30/08/2025;RICHARD
ERASMO;ALBAÑILES;1.00;SEMANA; Q3,850.00 ;GASTO;MANO DE OBRA;30/08/2025;LA EMPRESA
GERARDO;SEMANA ALBAÑILES;1.00;SEMANA; Q5,000.00 ;GASTO;MANO DE OBRA;30/08/2025;LA EMPRESA
LA EMPRESA;BILLAR ;1.00;PAGO; Q800.00 ;OTROS GAST;PERSONALES;29/08/2025;EL CLIENTE
ARCENIO;PIEDRIN;4.00;M3; Q660.00 ;GASTO;MATERIAL;29/08/2025;ARIEL
ERASMO;JIMMY CANDADO ;1.00;U; Q125.00 ;GASTO;MATERIAL;29/08/2025;LA FERRE QUESADA
GERARDO;TABLAS COMPRADAS;6.00;UNIDAD; Q600.00 ;GASTO;SUB-CONTRATO;29/08/2025;RICHAR
GERARDO;PARALES DE 2.90;12.00;UNIDAD; Q132.00 ;GASTO;SUB-CONTRATO;29/08/2025;RICHAR
GERARDO;DUELAS DE 15 Y 3M ALTO;24.00;UNIDAD; Q240.00 ;GASTO;SUB-CONTRATO;29/08/2025;RICHAR
LA EMPRESA;PAGO MES COMEDOR;1.00;PAGO; Q406.00 ;OTROS GAST;HOGAR;28/08/2025;EL CLIENTE
LA EMPRESA;PAGO DE LUZ;1.00;PAGO; Q679.00 ;GASTO ADM;FIJO;28/08/2025;EL CLIENTE
LA EMPRESA;PRESTAMO LEIDY;1.00;PAGO; Q100.00 ;OTROS GAST;PERSONALES;28/08/2025;EL CLIENTE
ARCENIO;ARENA TRITURADA;4.00;M3; Q660.00 ;GASTO;MATERIAL;28/08/2025;ARIEL
ARCENIO;ALQUILER DE ANDAMIOS YTRIKETS;1.00;PAGO; Q3,000.00 ;GASTO;SUB-CONTRATO;28/08/2025;RICHARD
ERASMO;SEPILLO DE ALAMBRE PARA BROCA;1.00;U; Q65.00 ;GASTO ADM;HERRAMIENTA;28/08/2025;LA FERRE QUESADA
ERASMO;ESPIGA 15 AMPERIOS;1.00;U; Q19.00 ;GASTO;MATERIAL;28/08/2025;LA FERRE QUESADA
ERASMO;TOMACORRIENTE SOBREPONER;1.00;U; Q15.00 ;GASTO ADM;EQUIPO;28/08/2025;LA FERRE QUESADA
ERASMO;JIMMY CINTA DE AHISLAR;1.00;U; Q15.00 ;GASTO;MATERIAL;28/08/2025;LA FERRE QUESADA
LA EMPRESA;RROPA MELISA;1.00;PAGO; Q340.00 ;OTROS GAST;PERSONALES;27/08/2025;EL CLIENTE
ARCENIO;"TAPON 3"" PVC";3.00;UNIDAD; Q30.00 ;GASTO;MATERIAL;27/08/2025;FERRE ALEXIS
ARCENIO;JIMMY;1.00;UNIDAD; Q110.00 ;GASTO;MATERIAL;27/08/2025;LA FERRE
ARCENIO;JIMMY TUBERIA PVC;1.00;UNIDAD; Q1,200.00 ;GASTO;MATERIAL;27/08/2025;LA FERRE
ARCENIO;FABRICACION DE PORTONES GARAGE;5.00;SEMANA; Q7,500.00 ;GASTO;MANO DE OBRA;27/08/2025;LA EMPRESA
ARCENIO;PAGO ANGEL;1.00;TRANSF; Q300.00 ;GASTO;MANO DE OBRA;27/08/2025;LA EMPRESA
ERASMO;JIMMY MATERIALES VARIOS;1.00;FAC; Q1,402.00 ;GASTO;MATERIAL;27/08/2025;LA FERRE QUESADA
ARCENIO;PAGO MATERIALES LOSA PREFABRICADA;154.43;M2; Q17,449.05 ;GASTO;MATERIAL;26/08/2025;MULBLOCK
ERASMO;JIMMY MATERIALES VARIOS;1.00;FAC; Q817.00 ;GASTO;MATERIAL;26/08/2025;LA FERRE QUESADA
ERASMO;JIMMY MATERIALES VARIOS;1.00;FAC; Q134.00 ;GASTO;MATERIAL;26/08/2025;LA FERRE QUESADA
GERARDO;HIERRO 1/2;2.00;QQ; Q530.00 ;GASTO;MATERIAL;26/08/2025;FERRE AMATON
GERARDO;PAGO MATERALES LOSA PREFABRICADA;82.47;M2; Q8,872.12 ;GASTO;MATERIAL;26/08/2025;MULTIBLOCKS
ERASMO;SEGUIMINETO Y CONSTRUCCION VIVIENDA MULTIFAMILIAR;1.00;PAGO; Q100,000.00 ;INGRESO ;APORTE;25/08/2025;EL CLIENTE
ARCENIO;BLOCK;350.00;UNIDAD; Q1,540.00 ;GASTO;MATERIAL;25/08/2025;FERRE ALEXIS
ARCENIO;CMENTO ESCORPION;25.00;SACOS; Q1,750.00 ;GASTO;MATERIAL;25/08/2025;FERRE ALEXIS
ARCENIO;HIERRO 3/8;3.00;QQ; Q825.00 ;GASTO;MATERIAL;25/08/2025;FERRE ALEXIS
ARCENIO;HIERRO 1/4;2.00;QQ; Q570.00 ;GASTO;MATERIAL;25/08/2025;FERRE ALEXIS
ARCENIO;ALAMBRE DE AMARRE;30.00;LB; Q210.00 ;GASTO;MATERIAL;25/08/2025;FERRE ALEXIS
ARCENIO;HIERRO 1/2;5.00;QQ; Q1,325.00 ;GASTO;MATERIAL;25/08/2025;FERRE ALEXIS
ERASMO;ALAMBRE DE A MARRE;7.00;QQ; Q700.00 ;GASTO;MATERIAL;25/08/2025;FERRE ALEXIS
ERASMO;CEMENTO ESCORPION;50.00;SACOS; Q3,400.00 ;GASTO;MATERIAL;25/08/2025;FERRE ALEXIS
ERASMO;HIERRO 1/2 COMERCIAL;8.00;QQ; Q2,120.00 ;GASTO;MATERIAL;25/08/2025;FERRE ALEXIS
ERASMO;HIERRO 1/8 COMERCIAL;8.00;QQ; Q2,120.00 ;GASTO;MATERIAL;25/08/2025;FERRE ALEXIS
ERASMO;HIERRO 1/4 COMERCIAL;10.00;QQ; Q3,050.00 ;GASTO;MATERIAL;25/08/2025;FERRE ALEXIS
ERASMO;CAJA DE CLAVOS;1.00;U; Q350.00 ;GASTO;MATERIAL;25/08/2025;FERRE ALEXIS
ERASMO;PALA REDONDA;2.00;U; Q120.00 ;GASTO ADM;HERRAMIENTA;25/08/2025;FERRE ALEXIS
ERASMO;MACHEETE;2.00;U; Q120.00 ;GASTO ADM;HERRAMIENTA;25/08/2025;FERRE ALEXIS
ERASMO;LIMA CON CABO;2.00;U; Q24.00 ;GASTO ADM;HERRAMIENTA;25/08/2025;FERRE ALEXIS
ERASMO;CLAVO PARA LAMINA, TORNILLOS Y VISAGRA;1.00;U; Q37.00 ;GASTO;MATERIAL;25/08/2025;LA FERRE QUESADA
GERARDO;CEMENTO UGC;20.00;SACOS; Q1,600.00 ;GASTO;MATERIAL;25/08/2025;FERRE ALEXIS
GERARDO;CEMENTO UGC;25.00;SACOS; Q1,987.50 ;GASTO;MATERIAL;25/08/2025;FERRE ALEXIS
GERARDO;ALAMBRE AMARRE;20.00;LB; Q140.00 ;GASTO;MATERIAL;25/08/2025;FERRE ALEXIS
GERARDO;"CAJA CLAVO MADERA 3""";1.00;U; Q350.00 ;GASTO;MATERIAL;25/08/2025;FERRE ALEXIS
LA EMPRESA;PRESTAMO A ALEX;1.00;PAGO; Q100.00 ;OTROS GAST;PERSONALES;24/08/2025;EL CLIENTE
LA EMPRESA;PRESTAMO JUX ;1.00;PAGO; Q500.00 ;OTROS GAST;PERSONALES;24/08/2025;EL CLIENTE
LA EMPRESA;BILLAR ;1.00;PAGO; Q300.00 ;OTROS GAST;PERSONALES;24/08/2025;EL CLIENTE
ARCENIO;COLOCACION Y ENCOFRADO DE VIGAS;1.00;SEMANA; Q5,600.00 ;GASTO;MANO DE OBRA;23/08/2025;LA EMPRESA
GERARDO;SEMANA ALBAÑILES;1.00;SEMANA; Q5,500.00 ;GASTO;MANO DE OBRA;23/08/2025;LA EMPRESA
ARCENIO;HERREROS;1.00;UNIDAD; Q255.00 ;GASTO;MATERIAL;22/08/2025;FERRE PACO
GERARDO;HIERRO 5/8 COM;32.00;VARILLAS; Q2,688.00 ;GASTO;MATERIAL;22/08/2025;FERRE AMATON
GERARDO;HERRAMIENTAS;1.00;U; Q855.00 ;GASTO ADM;HERRAMIENTA;22/08/2025;FERRE AMATON
ARCENIO;HERREROS;1.00;UNIDAD; Q800.00 ;GASTO;MANO DE OBRA;20/08/2025;ARNOLDO
ARCENIO;ALQUILER TABLA 3 M;24.00;UNIDAD; Q384.00 ;GASTO;SUB-CONTRATO;20/08/2025;RICHARD
ERASMO;AUMENTO DON SIMON;1.00;TRANSF; Q300.00 ;GASTO;MANO DE OBRA;20/08/2025;LA EMPRESA
GERARDO;ARENA Y  PIEDRIN;9.00;M3; Q1,485.00 ;GASTO;MATERIAL;20/08/2025;ARIEL
GERARDO;ARENA ARIEL;1.00;TRANSF; Q2,145.00 ;GASTO;MATERIAL;20/08/2025;ARIEL
LA EMPRESA;COMBUSTIBLE ESCAVADORA;1.00;PAGO; Q140.00 ;GASTO ADM;TRANSPORTE;19/08/2025;EL CLIENTE
ARCENIO;HERREROS;1.00;UNIDAD; Q290.00 ;GASTO;MATERIAL;19/08/2025;FERRE PACO
ARCENIO;HERREROS;1.00;UNIDAD; Q418.00 ;GASTO;MATERIAL;19/08/2025;FERRE PACO
ERASMO;JIMMY ALAMBRE AMARRE;25.00;LIBRAS; Q150.00 ;GASTO;MATERIAL;19/08/2025;LA FERRE QUESADA
GERARDO;HIERRO 8/8 G40;8.00;QQ; Q3,600.00 ;GASTO;MATERIAL;19/08/2025;FERRE ALEXIS
GERARDO;PAGO EXTRA A ARIEL;1.00;TRANSF; Q1,500.00 ;GASTO;MANO DE OBRA;19/08/2025;LA EMPRESA
GERARDO;MATERIALES SINAI;11.00;TRANSF; Q2,880.00 ;GASTO;MATERIAL;19/08/2025;FERRE AMATON
ARCENIO;"CLAVO ACERADO 3""";150.00;UNIDAD; Q75.00 ;GASTO;MATERIAL;18/08/2025;FERRE ALEXIS
ARCENIO;HERREROS;1.00;UNIDAD; Q522.00 ;GASTO;MATERIAL;18/08/2025;FERRE PACO
ARCENIO;CLAVO MADERA 2 1/2;2.00;UNIDAD; Q75.00 ;GASTO;MATERIAL;18/08/2025;FERRE PACO
ARCENIO;"CLAVO MADERA 3""";30.00;UNIDAD; Q225.00 ;GASTO;MATERIAL;18/08/2025;FERRE PACO
ARCENIO;ALQUILER TRIKETS;170.00;UNIDAD; Q2,400.00 ;GASTO;SUB-CONTRATO;18/08/2025;RICHARD
ARCENIO;ALQUILER TABLA 3 M;24.00;UNIDAD; Q384.00 ;GASTO;SUB-CONTRATO;18/08/2025;RICHARD
ARCENIO;ALQUILER PARALES 3 M;24.00;UNIDAD; Q264.00 ;GASTO;SUB-CONTRATO;18/08/2025;RICHARD
ARCENIO;ALQUILER DE ANDAMIOS Y MADERA;1.00;FAC; Q3,698.00 ;GASTO;SUB-CONTRATO;18/08/2025;RICHARD
ARCENIO;PAGO MANO DE OBRA HERREROS;1.00;TRANSF; Q1,125.00 ;GASTO;MANO DE OBRA;18/08/2025;LA EMPRESA
ARCENIO;MATERIALES ALE LOS COMUNES;1.00;TRANSF; Q2,805.00 ;GASTO;MATERIAL;18/08/2025;FERRE ALEXIS
GERARDO;VARIOS MATERIALES;1.00;U; Q349.00 ;GASTO;MATERIAL;18/08/2025;FERRE AMATON
GERARDO;CEMENTO UGC;15.00;SACOS; Q1,275.00 ;GASTO;MATERIAL;18/08/2025;FERRE AMATON
GERARDO;HIERRO 3/8;39.00;VARILLAS; Q780.00 ;GASTO;MATERIAL;18/08/2025;FERRE AMATON
GERARDO;ALAMBRE AMARRE;50.00;LB; Q300.00 ;GASTO;MATERIAL;18/08/2025;FERRE AMATON
GERARDO;CAIMAN;1.00;U; Q200.00 ;GASTO;MATERIAL;18/08/2025;FERRE AMATON
GERARDO;ALAMBRE AMARRE;50.00;LB; Q275.00 ;GASTO;MATERIAL;18/08/2025;FERRE AMATON
GERARDO;PULIDORA;1.00;U; Q295.00 ;GASTO;MATERIAL;18/08/2025;FERRE AMATON
GERARDO;"CLAVO 3"" MADERA";10.00;LB; Q70.00 ;GASTO;MATERIAL;18/08/2025;FERRE AMATON
GERARDO;MATERIALE AMATON ALEXIS;1.00;FAC; Q2,447.00 ;GASTO;MATERIAL;18/08/2025;FERRE ALEXIS
GERARDO;MATERIAL AMATRON SINAI;1.00;TRANSF; Q3,490.00 ;GASTO;MATERIAL;18/08/2025;FERRE AMATON
LA EMPRESA;LLANTAS MITSUBISHI;1.00;PAGO; Q1,200.00 ;GASTO ADM;TRANSPORTE;17/08/2025;EL CLIENTE
LA EMPRESA;PAGO QUINCENA JIMMY;1.00;PAGO; Q1,500.00 ;GASTO ADM;PLANILLA;16/08/2025;EL CLIENTE
ARCENIO;HERREROS;1.00;UNIDAD; Q476.00 ;GASTO;MATERIAL;16/08/2025;FERRE PACO
ARCENIO;ARMADO DE VIGAS PRINCIPALES;1.00;SEMANA; Q5,675.00 ;GASTO;MANO DE OBRA;16/08/2025;LA EMPRESA
ARCENIO;FACTURA HERREROS JESSICA;1.00;TRANSF; Q1,406.00 ;GASTO;MATERIAL;16/08/2025;FERRE PACO
GERARDO;LEVANTADO DE MURO;1.00;SEMANA; Q6,500.00 ;GASTO;MANO DE OBRA;16/08/2025;LA EMPRESA
LA EMPRESA;GASTOS PERSONALES EN LA CUENTA BANCARIA;1.00;PAGO; Q16,024.00 ;OTROS GAST;PERSONALES;15/08/2025;EL CLIENTE
GERARDO;ARENA ;4.00;M3; Q660.00 ;GASTO;MATERIAL;15/08/2025;ARIEL
GERARDO;PIEDRIN;4.00;M3; Q660.00 ;GASTO;MATERIAL;15/08/2025;ARIEL
GERARDO;CALAVO 2 1/2;5.00;LB; Q35.00 ;GASTO;MATERIAL;14/08/2025;FERRE AMATON
ARCENIO;ALQUILER ANDAMIOS;4.00;UNIDAD; Q500.00 ;GASTO;SUB-CONTRATO;13/08/2025;RICHARD
ARCENIO;HIERRO 5/8;4.00;VARILLAS; Q360.00 ;GASTO;MATERIAL;11/08/2025;FERRE ALEXIS
ARCENIO;HIERRO 1/2;3.00;QQ; Q624.00 ;GASTO;MATERIAL;11/08/2025;FERRE ALEXIS
ARCENIO;HIERRO 3/8;5.00;QQ; Q1,325.00 ;GASTO;MATERIAL;11/08/2025;FERRE ALEXIS
ARCENIO;CARRETILLA;1.00;UNIDAD; Q322.00 ;GASTO;MATERIAL;11/08/2025;FERRE ALEXIS
ARCENIO;AMPLIACION CASA ARCENIO LOS COMUNES;1.00;PAGO; Q40,000.00 ;INGRESO ;APORTE;10/08/2025;EL CLIENTE
ARCENIO;HERREROS;1.00;UNIDAD; Q325.00 ;GASTO;MATERIAL;09/08/2025;FERRE PACO
ARCENIO;FUNDICION DE COLUMNAS COMPLETAS;1.00;SEMANA; Q5,650.00 ;GASTO;MANO DE OBRA;09/08/2025;LA EMPRESA
GERARDO;COLOCACION DE COLUMNAS PRINCIPALES ;1.00;SEMANA; Q6,500.00 ;GASTO;MANO DE OBRA;09/08/2025;LA EMPRESA
LA EMPRESA;PAGO TARJETA BI;1.00;PAGO; Q1,000.00 ;GASTO ADM;FIJO;08/08/2025;EL CLIENTE
ARCENIO;ARENA TRITURADA;5.00;M3; Q825.00 ;GASTO;MATERIAL;08/08/2025;ARIEL
ARCENIO;ARENA TRITURADA;4.00;M3; Q660.00 ;GASTO;MATERIAL;08/08/2025;ARIEL
ARCENIO;HERREROS;1.00;UNIDAD; Q111.00 ;GASTO;MANO DE OBRA;08/08/2025;FERRE PACO
ARCENIO;JIMMY CEMENTO WP;20.00;SACOS; Q1,340.00 ;GASTO;MATERIAL;08/08/2025;LA FERRE
ARCENIO;JIMMY CLAVOS CONCRETO;100.00;UNIDAD; Q75.00 ;GASTO;MATERIAL;08/08/2025;LA FERRE
ARCENIO;MATERIALES LA FERRE;1.00;TRANSF; Q1,415.00 ;GASTO;MATERIAL;08/08/2025;LA FERRE
ARCENIO;MATERIALES ELECTRICOS CELASA;1.00;TRANSF; Q1,043.00 ;GASTO;MATERIAL;07/08/2025;CELASA JUTIAPA
LA EMPRESA;PARA MAIZ JUAN LUIS;1.00;PAGO; Q900.00 ;OTROS GAST;PERSONALES;06/08/2025;EL CLIENTE
GERARDO;ARENA TRITURADA;4.00;M3; Q840.00 ;GASTO;MATERIAL;06/08/2025;FERRE AMATON
GERARDO;DEPOSITO JIMMY ARNES  DE CUERPO COMPLETO;1.00;U; Q320.00 ;GASTO ADM;EQUIPO;06/08/2025;LA FERRE
GERARDO;"DEPOSITO JIMMY DISCO SIERRRA 7"" ";1.00;U; Q50.00 ;GASTO ADM;EQUIPO;06/08/2025;LA FERRE
GERARDO;JIMMY TONEL PLASTICO TUBOS PVC, CLAVOS;1.00;U; Q381.00 ;GASTO;MATERIAL;06/08/2025;LA FERRE
GERARDO;JIMMY;1.00;TRANSF; Q614.00 ;GASTO;MATERIAL;06/08/2025;JIMMY
LA EMPRESA;PAGO FINAL PLAYERAS HELLEN;1.00;PAGO; Q875.00 ;OTROS GAST;PERSONALES;05/08/2025;EL CLIENTE
LA EMPRESA;PRESTAMO JUX ;1.00;PAGO; Q200.00 ;OTROS GAST;PERSONALES;05/08/2025;EL CLIENTE
LA EMPRESA;CUCHUBAL JUAN LUIS;1.00;PAGO; Q5,000.00 ;OTROS GAST;PERSONALES;05/08/2025;EL CLIENTE
ARCENIO;ALAMBRE DE AMARRE;50.00;LB; Q350.00 ;GASTO;MATERIAL;05/08/2025;FERRE ALEXIS
ARCENIO;"TUBO PVC NARANJA 3""";10.00;UNIDAD; Q550.00 ;GASTO;MATERIAL;05/08/2025;FERRE ALEXIS
ARCENIO;HERREROS;1.00;UNIDAD; Q555.00 ;GASTO;MATERIAL;05/08/2025;FERRE PACO
ARCENIO;ARENA TRITURADA;3.00;M3; Q495.00 ;GASTO;MATERIAL;05/08/2025;ARIEL
ARCENIO;MATERIALES ALEXIS;1.00;TRANSF; Q1,901.00 ;GASTO;MATERIAL;05/08/2025;FERRE ALEXIS
GERARDO;DEPOSITO JIMMY GARRUCHA  05 ROJA;1.00;U; Q82.00 ;GASTO ADM;EQUIPO;05/08/2025;FERROPERFILES 
GERARDO;JIMMY CUBETAS PLASTICAS, BROCA METAL;1.00;U; Q225.00 ;GASTO ADM;EQUIPO;05/08/2025;LA FERRE
GERARDO;UTENCILIOS PLASTICOS;1.00;TRANSF; Q300.00 ;GASTO ADM;EQUIPO;05/08/2025;JIMMY
MIMI;MATERIALES JESICA;1.00;FACTURA; Q900.00 ;GASTO;MATERIAL;05/08/2025;FERRE PACO
MIMI;MANO DE OBRA;1.00;FACTURA; Q5,300.00 ;GASTO;MANO DE OBRA;05/08/2025;LA EMPRESA
MIMI;MATERIALES JESSICA;1.00;TRANSF; Q1,871.00 ;GASTO;MATERIAL;05/08/2025;FERRE PACO
ARCENIO;AMPLIACION CASA ARCENIO LOS COMUNES;1.00;PAGO; Q50,000.00 ;INGRESO ;APORTE;04/08/2025;EL CLIENTE
ARCENIO;AREANA TRITURADA;2.00;M3; Q330.00 ;GASTO;MATERIAL;04/08/2025;ARIEL
ARCENIO;JIMMY CLAVO LAMINA;4.00;LIBRA; Q23.60 ;GASTO;MATERIAL;04/08/2025;CECOCO
ARCENIO;JIMMY ESMERILADORA INSDUSTRIAL;1.00;UNIDAD; Q838.00 ;GASTO ADM;HERRAMIENTA;04/08/2025;CECOCO
ARCENIO;"JIMMY CAIMAN BRONCO 36""";1.00;UNIDAD; Q199.30 ;GASTO ADM;HERRAMIENTA;04/08/2025;CECOCO
ARCENIO;HERRAMIENTAS;1.00;TRANSF; Q1,250.00 ;GASTO ADM;HERRAMIENTA;04/08/2025;LA EMPRESA
GERARDO;DEPSOITO JIMMY MATERIALES EN CECOCO;1.00;U; Q2,399.00 ;GASTO;MATERIAL;04/08/2025;CECOCO
GERARDO;COMPRA DE HERRAMIENTA;1.00;TRANSF; Q1,250.00 ;GASTO ADM;HERRAMIENTA;04/08/2025;LA EMPRESA
MIMI;MATERIALES LOS RANCHOS;1.00;FACTURA; Q530.00 ;GASTO;MATERIAL;04/08/2025;FERRE ALEXIS
LA EMPRESA;PAGO DE LUZ;1.00;PAGO; Q311.00 ;GASTO ADM;FIJO;03/08/2025;EL CLIENTE
LA EMPRESA;COMBUSTIBLE SHELL BUENA VISTA;1.00;PAGO; Q300.00 ;GASTO ADM;TRANSPORTE;02/08/2025;EL CLIENTE
LA EMPRESA;COMBUSTIBLE SHELL BUENA VISTA;1.00;PAGO; Q100.00 ;GASTO ADM;TRANSPORTE;02/08/2025;EL CLIENTE
ARCENIO;LEVANTADO DE MURO NORMAL;1.00;SEMANA; Q5,650.00 ;GASTO;MANO DE OBRA;02/08/2025;LA EMPRESA
ARCENIO;PAGO HERREROS MANO DE OBRA;1.00;TRANSF; Q1,125.00 ;GASTO;MANO DE OBRA;02/08/2025;LA EMPRESA
GERARDO;ARMADURA SOLERAS;1.00;SEMANA; Q5,600.00 ;GASTO;MANO DE OBRA;02/08/2025;LA EMPRESA
GERARDO;MANO DE OBRA DON FITO;1.00;TRANSF; Q1,125.00 ;GASTO;MANO DE OBRA;02/08/2025;LA EMPRESA
GERARDO;"TUBO NARANJA 3""";4.00;U; Q220.00 ;GASTO;MATERIAL;01/08/2025;FERRE AMATON
GERARDO;"TUBO NARANJA 2""";1.00;U; Q40.00 ;GASTO;MATERIAL;01/08/2025;FERRE AMATON
GERARDO;MATERIALES AMATON ;1.00;TRANSF; Q2,284.00 ;GASTO;MATERIAL;01/08/2025;FERRE ALEXIS
MIMI;MATERIALES;1.00;FACTURA; Q641.00 ;GASTO;MATERIAL;01/08/2025;FERRE PACO
MIMI;MATRIALES;1.00;TRANSF; Q2,273.00 ;GASTO;MATERIAL;01/08/2025;FERRE PACO
ARCENIO;HIERRO 3/8;6.00;QQ; Q1,590.00 ;GASTO;MATERIAL;30/07/2025;FERRE ALEXIS
ARCENIO;HIERRO 1/4;2.00;QQ; Q624.00 ;GASTO;MATERIAL;30/07/2025;FERRE ALEXIS
ARCENIO;HIERRO 1/2;2.00;QQ; Q530.00 ;GASTO;MATERIAL;30/07/2025;FERRE ALEXIS
ARCENIO;"CLAVO 3"" MADERA";20.00;LB; Q140.00 ;GASTO;MATERIAL;30/07/2025;FERRE ALEXIS
GERARDO;VARIADO;1.00;U; Q2,296.00 ;GASTO;MATERIAL;28/07/2025;FERRE AMATON
GERARDO;"JIMMY DISCO 7"", DISCO 4 1/2";1.00;U; Q77.00 ;GASTO ADM;EQUIPO;28/07/2025;LA FERRE
GERARDO;JIMMY ALMADANA,BROCAS,TAPON PVC, TENAZIN;1.00;U; Q127.50 ;GASTO ADM;EQUIPO;28/07/2025;LA FERRE
LA EMPRESA;COMBUSTIBLE SHELL BUENA VISTA;1.00;PAGO; Q200.00 ;GASTO ADM;TRANSPORTE;26/07/2025;EL CLIENTE
LA EMPRESA;MEDICAMENTOS;1.00;PAGO; Q350.54 ;OTROS GAST;HOGAR;26/07/2025;EL CLIENTE
ARCENIO;FUNDICION Y LEVANTADO DE MURO ESTRUCTURAL;1.00;SEMANA; Q4,650.00 ;GASTO;MANO DE OBRA;26/07/2025;LA EMPRESA
GERARDO;ARMADURA COLUMNAS PRINCIPALES;1.00;SEMANA; Q5,000.00 ;GASTO;MANO DE OBRA;26/07/2025;LA EMPRESA
MIMI;MATERALES LOSA;1.00;FACTURA; Q9,590.00 ;GASTO;MATERIAL;26/07/2025;FERRE PACO
LA EMPRESA;COMPRAS CEMACO;1.00;PAGO; Q349.98 ;OTROS GAST;HOGAR;25/07/2025;EL CLIENTE
LA EMPRESA;COMPRAS CEMACO;1.00;PAGO; Q739.93 ;GASTO ADM;OFICINA;25/07/2025;EL CLIENTE
LA EMPRESA;PAGO TARJETA BI;1.00;PAGO; Q1,000.00 ;GASTO ADM;FIJO;24/07/2025;EL CLIENTE
ARCENIO;ALAMBRE DE AMARRE;50.00;LB; Q350.00 ;GASTO;MATERIAL;24/07/2025;FERRE PACO
ARCENIO;TABLAS ACERRADERO PETEN;12.00;UNIDAD; Q1,020.00 ;GASTO;MATERIAL;24/07/2025;ASERRADERO PETEN
GERARDO;COMPRA DE 12 TABAS EN FERREPETEN;12.00;UNIDAD; Q1,020.00 ;GASTO;MATERIAL;24/07/2025;FERREPETEN
MIMI;MANO DE OBRA;1.00;FACTURA; Q5,500.00 ;GASTO;MANO DE OBRA;24/07/2025;LA EMPRESA
MIMI;MANO DE OBRA;1.00;FACTURA; Q7,100.00 ;GASTO;MANO DE OBRA;24/07/2025;LA EMPRESA
ARCENIO;RESTO MATERIAL PORTONES;1.00;UNIDAD; Q3,730.00 ;GASTO;MATERIAL;23/07/2025;MULTIPERFILES VICTORIA
GERARDO;CEMENTO WP;30.00;SACOS; Q1,989.00 ;GASTO;MATERIAL;23/07/2025;FERRE AMATON
GERARDO;ALAMBRE AMARRE;4.00;LB; Q24.00 ;GASTO;MATERIAL;23/07/2025;FERRE AMATON
GERARDO;MATERIALES AMATON ;1.00;TRANSF; Q4,752.00 ;GASTO;MATERIAL;23/07/2025;FERRE AMATON
LA EMPRESA;APGO DE LUZ;1.00;PAGO; Q365.00 ;GASTO ADM;FIJO;22/07/2025;EL CLIENTE
MIMI;MATERIALES JESICA;1.00;TRANSF; Q4,043.00 ;GASTO;MATERIAL;22/07/2025;FERRE PACO
ARCENIO;HIERRO 3/8;4.00;QQ; Q1,184.00 ;GASTO;MATERIAL;21/07/2025;FERRE PACO
ARCENIO;HIERRO 1/4;2.00;QQ; Q558.00 ;GASTO;MATERIAL;21/07/2025;FERRE PACO
ARCENIO;"CLAVO ACERADO 3""";1.00;CAJA; Q75.00 ;GASTO;MATERIAL;21/07/2025;FERRE PACO
ARCENIO;MATERIALES LA FERRE;1.00;TRANSF; Q235.00 ;GASTO;MATERIAL;21/07/2025;LA FERRE
ARCENIO;ALQUILER MADERA ;1.00;TRANSF; Q2,760.00 ;GASTO;SUB-CONTRATO;21/07/2025;RICHARD
GERARDO;BLOCK POMA;1000.00;U; Q4,350.00 ;GASTO;MATERIAL;21/07/2025;FERRE ALEXIS
GERARDO;HIERRO 1/2;4.00;QQ; Q1,060.00 ;GASTO;MATERIAL;21/07/2025;FERRE ALEXIS
GERARDO;HIERRO 3/8;8.00;QQ; Q2,120.00 ;GASTO;MATERIAL;21/07/2025;FERRE ALEXIS
GERARDO;HIERRO 1/4;3.00;QQ; Q936.00 ;GASTO;MATERIAL;21/07/2025;FERRE ALEXIS
GERARDO;CEMENTO UNO;50.00;SACOS; Q3,250.00 ;GASTO;MATERIAL;21/07/2025;FERRE ALEXIS
GERARDO;HIERRO 5/8 COM;8.00;QQ; Q2,120.00 ;GASTO;MATERIAL;21/07/2025;FERRE ALEXIS
LA EMPRESA;COMPRAS CEMACO;1.00;PAGO; Q2,752.47 ;GASTO ADM;OFICINA;20/07/2025;EL CLIENTE
ARCENIO;HERREROS;1.00;UNIDAD; Q49.50 ;GASTO;MATERIAL;20/07/2025;FERRE PACO
LA EMPRESA;TACOS EN CEVICHERIA GUATE;1.00;PAGO; Q616.00 ;OTROS GAST;PERSONALES;19/07/2025;EL CLIENTE
ARCENIO;TRAZO Y ZANJEO DE CIMENTACION;1.00;SEMANA; Q7,500.00 ;GASTO;MANO DE OBRA;19/07/2025;LA EMPRESA
GERARDO;MATERIALES AMATON ;1.00;TRANSF; Q15,316.00 ;GASTO;MATERIAL;19/07/2025;FERRE ALEXIS
MIMI;MATERIALES LOS RANCHOS;1.00;FACTURA; Q226.00 ;GASTO;MATERIAL;19/07/2025;FERRE ALEXIS
LA EMPRESA;REGALO A MI MADRE;1.00;PAGO; Q500.00 ;OTROS GAST;PERSONALES;18/07/2025;EL CLIENTE
ARCENIO;ALQUILER TRIKETS;24.00;UNIDAD; Q360.00 ;GASTO;SUB-CONTRATO;18/07/2025;RICHARD
ARCENIO;TABLAS VNEDIDAS  10';24.00;UNIDAD; Q2,400.00 ;GASTO;SUB-CONTRATO;18/07/2025;RICHARD
MIMI;MANO DE OBRA;1.00;FACTURA; Q5,000.00 ;GASTO;MATERIAL;18/07/2025;LA EMPRESA
MIMI;MATERIALES VARIOS;1.00;FACTURA; Q1,871.00 ;GASTO ADM;EQUIPO;18/07/2025;FERRE PACO
LA EMPRESA;ANTICIPO PLAYERAS HELLEN;1.00;PAGO; Q1,000.00 ;GASTO ADM;OFICINA;17/07/2025;EL CLIENTE
MIMI;ARENA PIEDRIN Y CEMENTO;1.00;FACTURA; Q1,000.00 ;GASTO;MATERIAL;16/07/2025;FERRE PACO
MIMI;PAGO MANO DE OBRA CASA MIMI;1.00;FACTURA; Q3,000.00 ;GASTO;MANO DE OBRA;16/07/2025;FERRE PACO
MIMI;EXTRA A ALEXNDER ALBAÑIL;1.00;FACTURA; Q855.00 ;GASTO;MANO DE OBRA;16/07/2025;LA EMPRESA
MIMI;MATERIALES VARIOS;1.00;FACTURA; Q2,773.00 ;GASTO ADM;HERRAMIENTA;16/07/2025;FERRE PACO
MIMI;MATERIALES JESICA;1.00;TRANSF; Q600.00 ;GASTO;MATERIAL;16/07/2025;FERRE PACO
MIMI;MATERIALES JESICA;1.00;TRANSF; Q400.00 ;GASTO;MATERIAL;16/07/2025;FERRE PACO
GERARDO;CONSTRUCCION TERCER Y CUARTO NIVEL;1.00;PAGO; Q125,000.00 ;INGRESO ;APORTE;15/07/2025;EL CLIENTE
LA EMPRESA;JUEGO MARIO EN METROPLAZA;1.00;PAGO; Q40,000.00 ;OTROS GAST;PERSONALES;15/07/2025;EL CLIENTE
LA EMPRESA;PRESTAMO JUX ;1.00;PAGO; Q3,000.00 ;OTROS GAST;PERSONALES;15/07/2025;EL CLIENTE
LA EMPRESA;PAGO INICIAL COMEDOR;1.00;PAGO; Q2,000.00 ;OTROS GAST;HOGAR;15/07/2025;EL CLIENTE
ARCENIO;CEMENTO UGC;20.00;SACOS; Q1,660.00 ;GASTO;MATERIAL;15/07/2025;FERRE PACO
ARCENIO;ARENA TRITURADA;6.00;M3; Q1,080.00 ;GASTO;MATERIAL;15/07/2025;FERRE PACO
ARCENIO;MATERIALES JEISCA;1.00;TRANSF; Q3,106.00 ;GASTO;MATERIAL;15/07/2025;FERRE PACO
MIMI;ARENA Y ANTISOL;1.00;FACTURA; Q500.00 ;GASTO;MATERIAL;12/07/2025;FERRE PACO
LA EMPRESA;PRESTAMO MELLADO;1.00;PAGO; Q2,300.00 ;OTROS GAST;PERSONALES;10/07/2025;EL CLIENTE
ARCENIO;HIERRO 1/2;4.00;QQ; Q1,040.00 ;GASTO;MATERIAL;10/07/2025;FERRE ALEXIS
ARCENIO;HIERRO 1/2;4.00;QQ; Q1,040.00 ;GASTO;MATERIAL;10/07/2025;FERRE ALEXIS
ARCENIO;MATERIALES ALEXIS;1.00;TRANSF; Q1,390.00 ;GASTO;MATERIAL;10/07/2025;FERRE ALEXIS
MIMI;MATERIALES ;1.00;TRANSF; Q1,225.00 ;GASTO;MATERIAL;10/07/2025;FERRE PACO
ARCENIO;ARMADO DE CIMIENTO Y COLUMNAS;1.00;SEMANA; Q6,275.00 ;GASTO;MANO DE OBRA;09/07/2025;LA EMPRESA
MIMI;PAGO DE 30 CAJAS OCTOGANALES OBRA MIMI;1.00;FACTURA; Q240.00 ;GASTO;MATERIAL;08/07/2025;FERRE PACO
ARCENIO;ALQUILER PARALES 3 M;12.00;UNIDAD; Q420.00 ;GASTO;SUB-CONTRATO;07/07/2025;RICHARD
ARCENIO;ARMADO DE CIMIENTO Y COLUMNAS;1.00;SEMANA; Q7,400.00 ;GASTO;MANO DE OBRA;05/07/2025;LA EMPRESA
MIMI;PAGO DE MANO DE OBRA CASA MIMI;1.00;FACTURA; Q3,000.00 ;GASTO;MANO DE OBRA;05/07/2025;LA EMPRESA
ARCENIO;ALAMBRE DE AMARRE;50.00;LB; Q350.00 ;GASTO;MATERIAL;02/07/2025;FERRE ALEXIS
ARCENIO;ARENA PIEDRIN Y BOTES;1.00;UNIDAD; Q3,180.00 ;GASTO;MATERIAL;01/07/2025;FERRE PACO
ARCENIO;FLETE MAISILLO OBRA ARCENIO;1.00;UNIDAD; Q300.00 ;GASTO;SUB-CONTRATO;01/07/2025;MAISILLO
ARCENIO;BLOCK VILLANUEVA;1.00;UNIDAD; Q7,185.00 ;GASTO;MATERIAL;01/07/2025;FERRE PACO
MIMI;HIERRO Y FLEXI TUBO OBRA MIMI;1.00;FACTURA; Q772.00 ;GASTO;MATERIAL;01/07/2025;FERRE PACO
LA EMPRESA;ALQUILER ;1.00;PAGO; Q9,000.00 ;GASTO ADM;FIJO;30/06/2025;EL CLIENTE
MIMI;PAGO FLETE OBRA MIMI;1.00;FACTURA; Q1,600.00 ;GASTO;SUB-CONTRATO;30/06/2025;FERRE PACO
ARCENIO;LEVANTADO DE ESTRUCTURA METALICA;1.00;SEMANA; Q7,400.00 ;GASTO;MANO DE OBRA;28/06/2025;LA EMPRESA
MIMI;COMPRA DE MATERIALES PARA LAS INSTALACIONES ;1.00;FACTURA; Q11,100.00 ;GASTO;MATERIAL;28/06/2025;FERRE PACO
MIMI;PAGO MANO DE OBRA CASA MIMI;1.00;FACTURA; Q2,500.00 ;GASTO;MANO DE OBRA;28/06/2025;FERRE PACO
ARCENIO;AMPLIACION CASA ARCENIO LOS COMUNES;1.00;PAGO; Q70,000.00 ;INGRESO ;APORTE;27/06/2025;EL CLIENTE
MIMI;PARALES CLAVOS Y TENAZAS OBRA MIMI;1.00;FACTURA; Q1,034.00 ;GASTO;MATERIAL;27/06/2025;FERRE PACO
MIMI;MADERA PARA FORMALETAS LOSA;1.00;FACTURA; Q2,000.00 ;GASTO;MATERIAL;26/06/2025;RICHARD
MIMI;PEDIDO MADERA JESICA OBRA MIMI;1.00;FACTURA; Q1,380.00 ;GASTO;MATERIAL;26/06/2025;FERRE PACO
MIMI;PEDIDO HIERRO JESICA OBRA MIMI;1.00;FACTURA; Q1,079.00 ;GASTO;MATERIAL;26/06/2025;FERRE PACO
ARCENIO;MADERA JESICA;1.00;UNIDAD; Q1,380.00 ;GASTO;MATERIAL;25/06/2025;FERRE PACO
ARCENIO;MATERIALES JESSICA;1.00;UNIDAD; Q3,650.00 ;GASTO;MATERIAL;24/06/2025;FERRE PACO
ARCENIO;GUANTES;1.00;UNIDAD; Q39.60 ;GASTO ADM;EQUIPO;24/06/2025;FERRE PACO
ARCENIO;MADERA JESICA;1.00;UNIDAD; Q460.00 ;GASTO;MATERIAL;24/06/2025;FERRE PACO
ARCENIO;DESCARGA DE RRIPIO A MANO;1.00;UNIDAD; Q300.00 ;GASTO;SUB-CONTRATO;24/06/2025;PERSONAL
ARCENIO;MANTA VINILICA;1.00;UNIDAD; Q160.00 ;GASTO;MATERIAL;21/06/2025;OLIVER PRINTER
ARCENIO;DEMOLICION Y LIMPIEZA;1.00;SEMANA; Q4,000.00 ;GASTO;MANO DE OBRA;21/06/2025;LA EMPRESA
ARCENIO;AMPLIACION CASA ARCENIO LOS COMUNES;1.00;PAGO; Q60,000.00 ;INGRESO ;APORTE;20/06/2025;EL CLIENTE
MIMI;CONSTRUCCION CASA MIMI;1.00;PAGO; Q10,000.00 ;INGRESO ;APORTE;20/06/2025;EL CLIENTE
ARCENIO;2 PIOCHAS 2 PALAS Y 1 CARROZA;1.00;UNIDAD; Q692.00 ;GASTO ADM;HERRAMIENTA;19/06/2025;FERRE PEPEMILLA QUESADA
ARCENIO;BOTAR ARBOLES EN PATIO;3.00;SEMANA; Q500.00 ;GASTO;MANO DE OBRA;19/06/2025;LA EMPRESA
ARCENIO;MATERIALES JESSICA;1.00;UNIDAD; Q17,785.00 ;GASTO;MATERIAL;18/06/2025;FERRE PACO
ARCENIO;GUANTES;3.00;UNIDAD; Q45.00 ;GASTO ADM;EQUIPO;18/06/2025;FERRE PACO
ARCENIO;MOVIMIENTO DE TIERRA EN GARAGE + ACARREO;4.00;HORA; Q1,200.00 ;GASTO;SUB-CONTRATO;18/06/2025;TAMALON
ARCENIO;EXTRACCION DE MATERIAL ;3.00;VIAJE; Q600.00 ;GASTO;SUB-CONTRATO;18/06/2025;POLLO SALITRILLO
MIMI;PAGO ALQUILER ANDAMIOS Y MDERA;1.00;FACTURA; Q2,400.00 ;GASTO;SUB-CONTRATO;18/06/2025;RICHARD
ARCENIO;MATERIALES PARA PORTONES;1.00;UNIDAD; Q1,184.00 ;GASTO;MATERIAL;17/06/2025;MULTIPERFILES VICTORIA
ARCENIO;COMPRA DE CHALECOS Y CASCO;1.00;UNIDAD; Q237.00 ;GASTO ADM;EQUIPO;17/06/2025;CECOCO
MIMI;PAGO DE LOSA PREFABRICADA;1.00;FACTURA; Q13,514.00 ;GASTO;MATERIAL;17/06/2025;FERRE PACO
ARCENIO;AMPLIACION CASA ARCENIO LOS COMUNES;1.00;PAGO; Q60,000.00 ;INGRESO ;APORTE;16/06/2025;EL CLIENTE
HUGO TRAMPE;DISEÑO CASA HUGO TRAMPE;1.00;PAGO; Q4,000.00 ;OTROS ING;VARIOS;15/06/2025;HUGO TRAMPE
ELVIDIO Y HERM;RECTIFICACION Y DISEÑO DE LOTES ;1.00;PAGO; Q8,500.00 ;OTROS ING;VARIOS;10/06/2025;HERMANOS GRIJALVA
HECTO MELLADO;MEDICION Y AVALUO TERRENO SALITRILLO;1.00;PAGO; Q1,500.00 ;OTROS ING;VARIOS;08/06/2025;VERONICA OLIVET
LA EMPRESA;PAGO TARJETA BI;1.00;PAGO; Q8,000.00 ;GASTO ADM;FIJO;05/06/2025;EL CLIENTE
BANNER JOCOTE;DISEÑO CASA BANNER ;1.00;PAGO; Q3,000.00 ;OTROS ING;VARIOS;02/06/2025;BANNER
MIMI;HIERRO PARA VIGAS;1.00;FACTURA; Q1,079.00 ;GASTO;MATERIAL;26/05/2025;FERRE PACO
MIMI;PAGO MANO DE OBRA ALBAÑILES;1.00;FACTURA; Q5,000.00 ;GASTO;MANO DE OBRA;17/05/2025;LA EMPRESA
MIMI;PAGO MANO DE OBRA ALBAÑILES;1.00;FACTURA; Q3,000.00 ;GASTO;MANO DE OBRA;10/05/2025;LA EMPRESA
FREDY MAEDA;MEDICION Y AVALUO FREDY;1.00;PAGO; Q7,800.00 ;OTROS ING;VARIOS;05/05/2025;FREDY MAEDA MEDA
MIMI;PAGO MANO DE OBRA ALBAÑILES;1.00;FACTURA; Q2,500.00 ;GASTO;MANO DE OBRA;03/05/2025;LA EMPRESA
MIMI;PAGO MANO DE OBRA ALBAÑILES;1.00;FACTURA; Q2,200.00 ;GASTO;MANO DE OBRA;26/04/2025;LA EMPRESA
MIMI;CONSTRUCCION CASA MIMI;1.00;PAGO; Q10,000.00 ;INGRESO ;APORTE;22/04/2025;EL CLIENTE
MIMI;PAGO MANO DE OBRA ALBAÑILES;1.00;FACTURA; Q3,500.00 ;GASTO;MANO DE OBRA;19/04/2025;LA EMPRESA
MIMI;PAGO MANO DE OBRA ALBAÑILES;1.00;FACTURA; Q5,000.00 ;GASTO;MANO DE OBRA;12/04/2025;LA EMPRESA
MIMI;CONSTRUCCION CASA MIMI;1.00;PAGO; Q10,000.00 ;INGRESO ;APORTE;10/04/2025;EL CLIENTE
MIMI;HIERRO Y ALAMBRE;1.00;FACTURA; Q1,500.00 ;GASTO;MATERIAL;10/04/2025;FERRE PACO
MARIA SALAZAR;ANTEPROYECTO CASA TIA MARIA SALAZAR;1.00;PAGO; Q2,000.00 ;OTROS ING;VARIOS;08/04/2025;ARNALDO RIVERA
MIMI;HIERRO Y CEMENTO;1.00;FACTURA; Q2,199.00 ;GASTO;MATERIAL;07/04/2025;FERRE PACO
MIMI;PAGO MANO DE OBRA ALBAÑILES;1.00;FACTURA; Q5,000.00 ;GASTO;MANO DE OBRA;05/04/2025;LA EMPRESA
MIMI;PAGO MANO DE OBRA ALBAÑILES;1.00;FACTURA; Q5,000.00 ;GASTO;MANO DE OBRA;29/03/2025;LA EMPRESA
MIMI;CONSTRUCCION CASA MIMI;1.00;PAGO; Q10,000.00 ;INGRESO ;APORTE;27/03/2025;EL CLIENTE
MIMI;CEMENTO, HIERRO 3/8, HIERRO 1/4;1.00;FACTURA; Q5,123.00 ;GASTO;MATERIAL;27/03/2025;FERRE PACO
MIMI;PAGO MANO DE OBRA ALBAÑILES;1.00;FACTURA; Q5,000.00 ;GASTO;MANO DE OBRA;22/03/2025;LA EMPRESA
MIMI;CONSTRUCCION CASA MIMI;1.00;PAGO; Q15,000.00 ;INGRESO ;APORTE;17/03/2025;EL CLIENTE
MIMI;PAGO MANO DE OBRA ALBAÑILES;1.00;FACTURA; Q5,700.00 ;GASTO;MANO DE OBRA;15/03/2025;LA EMPRESA
MIMI;PAGO MANO DE OBRA ALBAÑILES;1.00;FACTURA; Q4,000.00 ;GASTO;MANO DE OBRA;12/03/2025;LA EMPRESA
MIMI;PAGO MANO DE OBRA ALBAÑILES;1.00;FACTURA; Q5,000.00 ;GASTO;MANO DE OBRA;08/03/2025;LA EMPRESA
MIMI;MADERA ANDAMIOS;1.00;FACTURA; Q375.00 ;GASTO;SUB-CONTRATO;05/03/2025;RICHARD
ODILIA SALAZAR;DISEÑO CASA TIA ODI;1.00;PAGO; Q3,000.00 ;OTROS ING;VARIOS;01/03/2025;ODILIA SALAZAR
MIMI;ALQILER MES ANDAMIOS METALICOS;1.00;FACTURA; Q400.00 ;GASTO;MATERIAL;01/03/2025;RICHARD
MIMI;PAGO MANO DE OBRA ALBAÑILES;1.00;FACTURA; Q5,000.00 ;GASTO;MANO DE OBRA;01/03/2025;LA EMPRESA
MIMI;HIERRO, CLAVOS, FLEXITUBO, MADERA;1.00;FACTURA; Q6,469.00 ;GASTO;MATERIAL;28/02/2025;FERRE PACO
MIMI;MADERA, ACCESORIOS PVC, HIERRO;1.00;FACTURA; Q3,192.00 ;GASTO;MATERIAL;25/02/2025;FERRE PACO
MIMI;CEMENTO, ARENA Y PIEDRIN;1.00;FACTURA; Q6,430.00 ;GASTO;MATERIAL;24/02/2025;FERRE PACO
MIMI;PAGO ANTICIPO MA NO DE OBRA;1.00;FACTURA; Q2,000.00 ;GASTO;MATERIAL;22/02/2025;FERRE PACO
MIMI;PAGO MANO DE OBRA ALBAÑILES;1.00;FACTURA;  ;GASTO;MANO DE OBRA;22/02/2025;LA EMPRESA
MIMI;CONSTRUCCION CASA MIMI;1.00;PAGO; Q50,000.00 ;INGRESO ;APORTE;20/02/2025;EL CLIENTE
MIMI;PAGO MANO DE OBRA ALBAÑILES;1.00;FACTURA; Q3,000.00 ;GASTO;MANO DE OBRA;15/02/2025;LA EMPRESA
MIMI;TUBERIA Y ACCESORIOS PVC;1.00;FACTURA; Q975.00 ;GASTO;MATERIAL;13/02/2025;FERRE PACO
MIMI;HIERRO;1.00;FACTURA; Q1,835.00 ;GASTO;MATERIAL;11/02/2025;FERRE PACO
MIMI;PAGO MANO DE OBRA ALBAÑILES;1.00;FACTURA; Q3,000.00 ;GASTO;MANO DE OBRA;08/02/2025;LA EMPRESA
MIMI;HIERRO;1.00;FACTURA; Q1,140.00 ;GASTO;MATERIAL;06/02/2025;FERRE PACO
MIMI;ARENA, PIEDRIN, HIERRO;1.00;FACTURA; Q3,530.00 ;GASTO;MATERIAL;05/02/2025;FERRE PACO
MIMI;PAGO MANO DE OBRA ALBAÑILES;1.00;FACTURA; Q1,000.00 ;GASTO;MANO DE OBRA;05/02/2025;LA EMPRESA
MIMI;PAGO MANO DE OBRA ALBAÑILES;1.00;FACTURA; Q2,000.00 ;GASTO;MANO DE OBRA;01/02/2025;LA EMPRESA
MIMI;HIERRO, MADERA;1.00;FACTURA; Q1,370.00 ;GASTO;MATERIAL;29/01/2025;FERRE PACO
MIMI;PAGO MANO DE OBRA ALBAÑILES;1.00;FACTURA; Q500.00 ;GASTO;MANO DE OBRA;29/01/2025;LA EMPRESA
MIMI;PAGO MANO DE OBRA ALBAÑILES;1.00;FACTURA; Q2,000.00 ;GASTO;MANO DE OBRA;25/01/2025;LA EMPRESA
MIMI;HIERRRO, ALAMBRE, PARALES, CLAVOS;1.00;FACTURA; Q8,156.00 ;GASTO;MATERIAL;20/01/2025;FERRE PACO
MIMI;PAGO BLOCK;1.00;FACTURA; Q11,825.00 ;GASTO;MATERIAL;16/01/2025;FERRE PACO
MIMI;PAGO FLETE BLOCK;1.00;FACTURA; Q1,650.00 ;GASTO;MATERIAL;16/01/2025;FERRE PACO
MIMI;CONSTRUCCION CASA MIMI;1.00;PAGO; Q75,000.00 ;INGRESO ;APORTE;13/01/2025;EL CLIENTE
